item1,item2,item1_name,item2_name,pair_count
SET268-KR-NP-XL,SET264-KR-NP-XL,Elegant Set,Designer Set,12
SET264-KR-NP-XL,SET268-KR-NP-XL,Designer Set,Elegant Set,12
JNE3543-KR-XS,SET397-KR-NP-XS,Stylish Kurta,Formal Set,9
SET397-KR-NP-XS,JNE3543-KR-XS,Formal Set,Stylish Kurta,9
JNE3543-KR-S,SET397-KR-NP-S,Cotton Kurta,Elegant Set,8
SET397-KR-NP-S,JNE3543-KR-S,Elegant Set,Cotton Kurta,8
PJNE3291-KR-6XL,PJNE3252-KR-N-6XL,Stylish Kurta,Casual Kurta,7
PJNE3252-KR-N-6XL,PJNE3291-KR-6XL,Casual Kurta,Stylish Kurta,7
JNE3543-KR-S,JNE3787-KR-S,Cotton Kurta,Casual Kurta,7
JNE3787-KR-S,JNE3543-KR-S,Casual Kurta,Cotton Kurta,7
JNE3800-KR-S,JNE3801-KR-S,Cocktail Dress,Designer Kurta,7
JNE3801-KR-S,JNE3800-KR-S,Designer Kurta,Cocktail Dress,7
JNE3797-KR-XL,JNE3798-KR-XL,Casual Dress,Evening Dress,6
JNE3798-KR-XL,JNE3797-KR-XL,Evening Dress,Casual Dress,6
JNE3797-KR-A-M,SET324-KR-NP-M,Cocktail Dress,Designer Set,6
SET324-KR-NP-L,SET374-KR-NP-L,Designer Set,Designer Set,6
JNE3797-KR-XXL,JNE3801-KR-XXL,Summer Dress,Casual Kurta,6
JNE3797-KR-L,JNE3801-KR-L,Evening Dress,Casual Kurta,6
SET324-KR-NP-M,JNE3797-KR-A-M,Designer Set,Cocktail Dress,6
SET374-KR-NP-L,SET324-KR-NP-L,Designer Set,Designer Set,6
JNE3801-KR-XXL,JNE3797-KR-XXL,Casual Kurta,Summer Dress,6
JNE3801-KR-L,JNE3797-KR-L,Casual Kurta,Evening Dress,6
JNE3781-KR-XXXL,JNE3784-KR-XXXL,Designer Kurta,Cotton Kurta,5
PJNE3399-KR-N-4XL,PJNE2199-KR-N-4XL,Casual Kurta,Casual Kurta,5
MEN5002-KR-M,MEN5009-KR-M,Casual Kurta,Stylish Kurta,5
JNE3620-KR-XL,JNE3468-KR-XL,Cotton Kurta,Stylish Kurta,5
SET264-KR-NP-M,SET268-KR-NP-M,Casual Set,Designer Set,5
SET281-KR-PP-M,J0244-SKD-M,Formal Set,Formal Set,5
JNE3797-KR-XXXL,JNE3798-KR-XXXL,Cocktail Dress,Cocktail Dress,5
PJNE2199-KR-N-4XL,PJNE3399-KR-N-4XL,Casual Kurta,Casual Kurta,5
SET269-KR-NP-XL,SET268-KR-NP-XL,Formal Set,Elegant Set,5
JNE3800-KR-XL,JNE3797-KR-XL,Summer Dress,Casual Dress,5
JNE3784-KR-XXL,JNE3780-KR-XXL,Cotton Kurta,Casual Kurta,5
JNE3468-KR-XL,JNE3620-KR-XL,Stylish Kurta,Cotton Kurta,5
J0003-SET-S,J0003-SET-M,Formal Set,Elegant Set,5
JNE3797-KR-XL,JNE3800-KR-XL,Casual Dress,Summer Dress,5
JNE3798-KR-XXXL,JNE3797-KR-XXXL,Cocktail Dress,Cocktail Dress,5
JNE3543-KR-M,SET397-KR-NP  -M,Casual Kurta,Elegant Set,5
SET268-KR-NP-M,SET264-KR-NP-M,Designer Set,Casual Set,5
MEN5009-KR-M,MEN5002-KR-M,Stylish Kurta,Casual Kurta,5
SET397-KR-NP  -M,JNE3543-KR-M,Elegant Set,Casual Kurta,5
JNE3784-KR-XXXL,JNE3781-KR-XXXL,Cotton Kurta,Designer Kurta,5
JNE3780-KR-XXL,JNE3784-KR-XXL,Casual Kurta,Cotton Kurta,5
J0244-SKD-M,SET281-KR-PP-M,Formal Set,Formal Set,5
J0003-SET-M,J0003-SET-S,Elegant Set,Formal Set,5
SET268-KR-NP-XL,SET269-KR-NP-XL,Elegant Set,Formal Set,5
J0003-SET-XXL,J0008-SKD-XXL,Designer Set,Casual Set,4
JNE3634-KR-XXXL,JNE3468-KR-XXXL,Cotton Kurta,Designer Kurta,4
JNE3721-KR-M,JNE3703-KR-M,Cotton Kurta,Designer Kurta,4
JNE3405-KR-L,JNE3568-KR-L,Designer Kurta,Casual Kurta,4
JNE3468-KR-M,JNE3510-KR-M,Cotton Kurta,Designer Kurta,4
JNE3800-KR-L,JNE3797-KR-L,Evening Dress,Evening Dress,4
MEN5011-KR-M,MEN5009-KR-M,Stylish Kurta,Stylish Kurta,4
JNE3482-KR-XXL,JNE3487-KR-XXL,Designer Kurta,Stylish Kurta,4
SET409-KR-NP-M,SET375-KR-NP-M,Formal Set,Elegant Set,4
JNE3801-KR-XXXL,JNE3797-KR-XXXL,Casual Kurta,Cocktail Dress,4
JNE3800-KR-M,JNE3797-KR-A-M,Evening Dress,Cocktail Dress,4
JNE3703-KR-M,JNE3721-KR-M,Designer Kurta,Cotton Kurta,4
JNE3800-KR-M,JNE3797-KR-M,Evening Dress,Cocktail Dress,4
JNE3811-KR-XL,JNE3734-KR-XL,Cotton Kurta,Designer Kurta,4
NW012-TP-PJ-XXL,NW015-TP-PJ-XXL,Formal Set,Elegant Set,4
SET345-KR-NP-M,J0006-SET-M,Elegant Set,Festival Dress,4
SET345-KR-NP-M,SET324-KR-NP-M,Elegant Set,Designer Set,4
JNE3510-KR-M,JNE3468-KR-M,Designer Kurta,Cotton Kurta,4
SET345-KR-NP-M,SET331-KR-NP-M,Elegant Set,Formal Set,4
NW015-TP-PJ-XXL,NW012-TP-PJ-XXL,Elegant Set,Formal Set,4
SET324-KR-NP-M,SET331-KR-NP-M,Designer Set,Formal Set,4
SET324-KR-NP-M,SET345-KR-NP-M,Designer Set,Elegant Set,4
JNE3797-KR-XL,JNE3801-KR-XL,Casual Dress,Casual Kurta,4
JNE3619-KR-XXL,JNE3721-KR-XXL,Stylish Kurta,Cotton Kurta,4
SET345-KR-NP-XXL,SET331-KR-NP-XXL,Elegant Set,Designer Set,4
J0006-SET-M,SET345-KR-NP-M,Festival Dress,Elegant Set,4
J0119-TP-XXXL,J0118-TP-XXXL,Casual Top,Summer Top,4
JNE3801-KR-XL,JNE3797-KR-XL,Casual Kurta,Casual Dress,4
JNE3797-KR-XXL,JNE3800-KR-XXL,Summer Dress,Casual Dress,4
JNE3721-KR-XXL,JNE3619-KR-XXL,Cotton Kurta,Stylish Kurta,4
JNE3440-KR-N-XL,JNE3697-KR-XL,Designer Kurta,Casual Kurta,4
JNE3797-KR-XXXL,JNE3801-KR-XXXL,Cocktail Dress,Casual Kurta,4
JNE3797-KR-A-M,JNE3800-KR-M,Cocktail Dress,Evening Dress,4
JNE3487-KR-XXL,JNE3482-KR-XXL,Stylish Kurta,Designer Kurta,4
SET331-KR-NP-M,SET324-KR-NP-M,Formal Set,Designer Set,4
SET331-KR-NP-M,SET345-KR-NP-M,Formal Set,Elegant Set,4
JNE3798-KR-L,JNE3801-KR-L,Cocktail Dress,Casual Kurta,4
JNE3568-KR-L,JNE3405-KR-L,Casual Kurta,Designer Kurta,4
JNE3801-KR-L,JNE3798-KR-L,Casual Kurta,Cocktail Dress,4
JNE3633-KR-XXXL,JNE3634-KR-XXXL,Stylish Kurta,Cotton Kurta,4
J0008-SKD-XXL,J0003-SET-XXL,Casual Set,Designer Set,4
JNE3797-KR-L,JNE3800-KR-L,Evening Dress,Evening Dress,4
SET375-KR-NP-M,SET409-KR-NP-M,Elegant Set,Formal Set,4
JNE3634-KR-XXXL,JNE3633-KR-XXXL,Cotton Kurta,Stylish Kurta,4
JNE3734-KR-XL,JNE3811-KR-XL,Designer Kurta,Cotton Kurta,4
JNE3634-KR-L,JNE3634-KR-M,Casual Kurta,Designer Kurta,4
PSET264-KR-NP-4XL,PSET268-KR-NP-4XL,Elegant Set,Designer Set,4
PSET268-KR-NP-4XL,PSET264-KR-NP-4XL,Designer Set,Elegant Set,4
JNE3634-KR-M,JNE3634-KR-L,Designer Kurta,Casual Kurta,4
JNE3801-KR-XXL,JNE3798-KR-XXL,Casual Kurta,Evening Dress,4
JNE3468-KR-XXXL,JNE3634-KR-XXXL,Designer Kurta,Cotton Kurta,4
JNE3697-KR-XL,JNE3440-KR-N-XL,Casual Kurta,Designer Kurta,4
JNE3798-KR-XXL,JNE3801-KR-XXL,Evening Dress,Casual Kurta,4
SET331-KR-NP-XXL,SET345-KR-NP-XXL,Designer Set,Elegant Set,4
JNE3800-KR-XXL,JNE3797-KR-XXL,Casual Dress,Summer Dress,4
J0118-TP-XXXL,J0119-TP-XXXL,Summer Top,Casual Top,4
JNE3797-KR-M,JNE3800-KR-M,Cocktail Dress,Evening Dress,4
MEN5009-KR-M,MEN5011-KR-M,Stylish Kurta,Stylish Kurta,4
JNE3405-KR-M,JNE3567-KR-M,Designer Kurta,Designer Kurta,3
J0007-SKD-XXL,J0009-SKD-XXL,Designer Set,Elegant Set,3
SET324-KR-NP-L,SET345-KR-NP-L,Designer Set,Casual Set,3
JNE3790-KR-XXXL,JNE3775-KR-XXXL,Cotton Kurta,Cotton Kurta,3
JNE3510-KR-M,JNE3399-KR-M,Designer Kurta,Stylish Kurta,3
MEN5014-KR-XXXL,MEN5004-KR-XXXL,Designer Kurta,Casual Kurta,3
MEN5015-KR-M,MEN5007-KR-M,Casual Kurta,Cotton Kurta,3
MEN5018-KR-XXL,MEN5024-KR-XXL,Stylish Kurta,Designer Kurta,3
J0344-TP-XXL,J0337-TP-XXL,Formal Top,Summer Top,3
JNE3617-KR-XXL,JNE3780-KR-XXL,Cotton Kurta,Casual Kurta,3
MEN5021-KR-L,MEN5024-KR-L,Designer Kurta,Cotton Kurta,3
SET324-KR-NP-XS,SET331-KR-NP-XS,Formal Set,Formal Set,3
JNE3405-KR-XL,JNE3568-KR-XL,Casual Kurta,Designer Kurta,3
JNE3718-KR-M,JNE3399-KR-M,Casual Kurta,Stylish Kurta,3
SET324-KR-NP-XXL,SET322-KR-SHA-XXL,Designer Set,Casual Set,3
J0003-SET-XXL,SET397-KR-NP-XXL,Designer Set,Casual Set,3
MEN5021-KR-XXL,MEN5025-KR-XXL,Stylish Kurta,Stylish Kurta,3
J0117-TP-M,J0119-TP-M,Casual Top,Designer Top,3
JNE3797-KR-A-L,JNE3800-KR-A-L,Evening Dress,Evening Dress,3
MEN5022-KR-S,MEN5032-KR-S,Cotton Kurta,Cotton Kurta,3
JNE3797-KR-L,JNE3797-KR-M,Evening Dress,Cocktail Dress,3
JNE3718-KR-XXXL,JNE3465-KR-XXXL,Stylish Kurta,Casual Kurta,3
MEN5023-KR-M,MEN5001-KR-M,Designer Kurta,Cotton Kurta,3
JNE3797-KR-L,JNE3798-KR-L,Evening Dress,Cocktail Dress,3
J0003-SET-M,JNE3543-KR-M,Elegant Set,Casual Kurta,3
SET331-KR-NP-S,SET345-KR-NP-S,Elegant Set,Designer Set,3
MEN5024-KR-L,MEN5021-KR-L,Cotton Kurta,Designer Kurta,3
JNE3461-KR-L,JNE3739-KR-L,Designer Kurta,Cotton Kurta,3
MEN5024-KR-XXL,MEN5018-KR-XXL,Designer Kurta,Stylish Kurta,3
JNE3797-KR-L,JNE3800-KR-M,Evening Dress,Evening Dress,3
SET331-KR-NP-XS,SET324-KR-NP-XS,Formal Set,Formal Set,3
SET331-KR-NP-XS,SET339-KR-NP-XS,Formal Set,Formal Set,3
MEN5025-KR-XXL,MEN5021-KR-XXL,Stylish Kurta,Stylish Kurta,3
JNE3797-KR-L,JNE3801-KR-M,Evening Dress,Cotton Kurta,3
JNE3721-KR-L,JNE3703-KR-L,Casual Kurta,Designer Kurta,3
MEN5027-KR-L,MEN5008-KR-L,Casual Kurta,Cotton Kurta,3
JNE3797-KR-M,JNE3797-KR-L,Cocktail Dress,Evening Dress,3
JNE3797-KR-M,JNE3797-KR-S,Cocktail Dress,Evening Dress,3
JNE3797-KR-M,JNE3798-KR-M,Cocktail Dress,Summer Dress,3
MEN5028-KR-XXL,MEN5029-KR-XXL,Cotton Kurta,Cotton Kurta,3
SET333-KR-DPT-XXXL,SET307-KR-DPT-XXXL,Formal Set,Elegant Set,3
SET339-KR-NP-XS,SET331-KR-NP-XS,Formal Set,Formal Set,3
MEN5029-KR-XXL,MEN5028-KR-XXL,Cotton Kurta,Cotton Kurta,3
MEN5032-KR-S,MEN5022-KR-S,Cotton Kurta,Cotton Kurta,3
JNE3797-KR-S,JNE3797-KR-M,Evening Dress,Cocktail Dress,3
NW002-TP-PJ-L,NW003-TP-PJ-L,Elegant Set,Formal Set,3
NW003-TP-PJ-L,NW002-TP-PJ-L,Formal Set,Elegant Set,3
SET341-KR-NP-XL,SET341-KR-NP-XXL,Formal Set,Elegant Set,3
SET341-KR-NP-XXL,SET341-KR-NP-XL,Elegant Set,Formal Set,3
NW004-TP-PJ-XXXL,NW012-TP-PJ-XXXL,Formal Set,Elegant Set,3
SET344-KR-NP-S,SET349-KR-NP-S,Designer Set,Formal Set,3
SET344-KR-NP-S,SET356-KR-NP-S,Designer Set,Formal Set,3
J0338-DR-XXXL,J0341-DR-XXXL,Summer Dress,Cocktail Dress,3
JNE3797-KR-S,JNE3800-KR-S,Evening Dress,Cocktail Dress,3
NW012-TP-PJ-XL,NW030-TP-PJ-XL,Designer Set,Designer Set,3
SET345-KR-NP-L,SET324-KR-NP-L,Casual Set,Designer Set,3
JNE3797-KR-S,JNE3801-KR-S,Evening Dress,Designer Kurta,3
NW012-TP-PJ-XXXL,NW004-TP-PJ-XXXL,Elegant Set,Formal Set,3
JNE3619-KR-XXL,JNE3480-KR-XXL,Stylish Kurta,Cotton Kurta,3
J0118-TP-L,J0119-TP-L,Casual Top,Formal Top,3
JNE3518-KR-L,JNE3739-KR-L,Designer Kurta,Cotton Kurta,3
SET345-KR-NP-S,SET331-KR-NP-S,Designer Set,Elegant Set,3
NW030-TP-PJ-XL,NW012-TP-PJ-XL,Designer Set,Designer Set,3
J0244-SKD-M,SET243-KR-PP-M,Formal Set,Designer Set,3
JNE3721-KR-XXL,JNE3480-KR-XXL,Cotton Kurta,Cotton Kurta,3
SET349-KR-NP-S,SET344-KR-NP-S,Formal Set,Designer Set,3
SET349-KR-NP-S,SET356-KR-NP-S,Formal Set,Formal Set,3
JNE3797-KR-XXL,JNE3799-KR-XXL,Summer Dress,Stylish Kurta,3
PJNE2199-KR-N-5XL,PJNE3399-KR-N-5XL,Cotton Kurta,Cotton Kurta,3
SET356-KR-NP-S,SET344-KR-NP-S,Formal Set,Designer Set,3
SET356-KR-NP-S,SET349-KR-NP-S,Formal Set,Formal Set,3
JNE3797-KR-XXXL,JNE3800-KR-XXXL,Cocktail Dress,Summer Dress,3
JNE3364-KR-1051-A-L,JNE3613-KR-L,Cotton Kurta,Cotton Kurta,3
PJNE2199-KR-N-6XL,PJNE3399-KR-N-6XL,Casual Kurta,Casual Kurta,3
JNE3423-KR-M,JNE3440-KR-N-M,Stylish Kurta,Casual Kurta,3
JNE3798-KR-L,JNE3797-KR-L,Cocktail Dress,Evening Dress,3
J0339-DR-XXXL,J0341-DR-XXXL,Casual Dress,Cocktail Dress,3
PJNE3252-KR-N-6XL,PJNE3399-KR-N-6XL,Casual Kurta,Casual Kurta,3
J0418-TP-L,J0389-TP-L,Casual Top,Casual Top,3
J0340-TP-XS,J0337-TP-XS,Formal Top,Formal Top,3
JNE3798-KR-L,JNE3800-KR-L,Cocktail Dress,Evening Dress,3
J0230-SKD-M,SET110-KR-PP-M,Elegant Set,Designer Set,3
JNE3798-KR-M,JNE3797-KR-M,Summer Dress,Cocktail Dress,3
J0009-SKD-XXL,J0007-SKD-XXL,Elegant Set,Designer Set,3
JNE3798-KR-M,JNE3798-KR-S,Summer Dress,Evening Dress,3
JNE3725-KR-S,JNE3714-KR-S,Designer Kurta,Designer Kurta,3
PJNE3399-KR-N-5XL,PJNE2199-KR-N-5XL,Cotton Kurta,Cotton Kurta,3
JNE3798-KR-S,JNE3798-KR-M,Evening Dress,Summer Dress,3
PJNE3399-KR-N-6XL,PJNE2199-KR-N-6XL,Casual Kurta,Casual Kurta,3
PJNE3399-KR-N-6XL,PJNE3252-KR-N-6XL,Casual Kurta,Casual Kurta,3
JNE3465-KR-S,JNE3437-KR-S,Designer Kurta,Casual Kurta,3
J0184-KR-A-S,JNE3687-TU-S,Stylish Kurta,Summer Top,3
JNE1234-MULTI-KR-032-M,JNE3703-KR-M,Cotton Kurta,Designer Kurta,3
SET110-KR-PP-M,J0230-SKD-M,Designer Set,Elegant Set,3
JNE3798-KR-XXL,JNE3800-KR-XXL,Evening Dress,Casual Dress,3
SET396-KR-PP-S,J0135-SET-S,Casual Set,Designer Set,3
SET397-KR-NP-XXL,J0003-SET-XXL,Casual Set,Designer Set,3
JNE3465-KR-XXXL,JNE3437-KR-XXXL,Casual Kurta,Cotton Kurta,3
J0135-SET-S,SET396-KR-PP-S,Designer Set,Casual Set,3
JNE3799-KR-XXL,JNE3797-KR-XXL,Stylish Kurta,Summer Dress,3
JNE3465-KR-XXXL,JNE3718-KR-XXXL,Casual Kurta,Stylish Kurta,3
SET144-KR-NP-L,JNE3546-KR-L,Elegant Set,Stylish Kurta,3
J0095-SET-M,SET279-LC-S,Designer Set,Elegant Set,3
JNE3800-KR-A-L,JNE3797-KR-A-L,Evening Dress,Evening Dress,3
JNE3739-KR-L,JNE3461-KR-L,Cotton Kurta,Designer Kurta,3
JNE3739-KR-L,JNE3518-KR-L,Cotton Kurta,Designer Kurta,3
J0196-TP-L,J0344-TP-L,Casual Top,Summer Top,3
JNE3373-KR-M,JNE3399-KR-M,Stylish Kurta,Stylish Kurta,3
JNE3543-KR-M,J0003-SET-M,Casual Kurta,Elegant Set,3
SET405-KR-NP-L,SET197-KR-NP-L,Designer Set,Casual Set,3
JNE3800-KR-L,JNE3798-KR-L,Evening Dress,Cocktail Dress,3
SET183-KR-DH-M,SET268-KR-NP-M,Elegant Set,Designer Set,3
JNE3800-KR-L,JNE3801-KR-L,Evening Dress,Casual Kurta,3
JNE3543-KR-M,JNE3787-KR-M,Casual Kurta,Cotton Kurta,3
JNE3800-KR-M,JNE3797-KR-L,Evening Dress,Evening Dress,3
JNE3800-KR-M,JNE3801-KR-M,Evening Dress,Cotton Kurta,3
JNE3800-KR-S,JNE3797-KR-S,Cocktail Dress,Evening Dress,3
SET197-KR-NP-L,SET268-KR-NP-L,Casual Set,Elegant Set,3
JNE3800-KR-XL,JNE3801-KR-XL,Summer Dress,Casual Kurta,3
SET197-KR-NP-L,SET405-KR-NP-L,Casual Set,Designer Set,3
JNE3800-KR-XXL,JNE3798-KR-XXL,Casual Dress,Evening Dress,3
JNE3800-KR-XXXL,JNE3797-KR-XXXL,Summer Dress,Cocktail Dress,3
JNE3801-KR-L,JNE3800-KR-L,Casual Kurta,Evening Dress,3
JNE3742-KR-L,JNE3758-KR-L,Cotton Kurta,Casual Kurta,3
JNE3801-KR-M,JNE3797-KR-L,Cotton Kurta,Evening Dress,3
JNE3801-KR-M,JNE3800-KR-M,Cotton Kurta,Evening Dress,3
JNE3801-KR-S,JNE3797-KR-S,Designer Kurta,Evening Dress,3
J0341-DR-XL,J0343-DR-XL,Summer Dress,Evening Dress,3
JNE3546-KR-L,SET144-KR-NP-L,Stylish Kurta,Elegant Set,3
JNE3801-KR-XL,JNE3800-KR-XL,Casual Kurta,Summer Dress,3
JNE3546-KR-M,JNE3439-KR-M,Stylish Kurta,Stylish Kurta,3
J0230-SKD-XS,SET268-KR-NP-XS,Elegant Set,Designer Set,3
SET243-KR-PP-M,J0244-SKD-M,Designer Set,Formal Set,3
SET243-KR-PP-M,SET281-KR-PP-M,Designer Set,Formal Set,3
JNE3373-KR-XS,JNE2199-KR-411-A-XS,Designer Kurta,Casual Kurta,3
J0341-DR-XXXL,J0338-DR-XXXL,Cocktail Dress,Summer Dress,3
J0341-DR-XXXL,J0339-DR-XXXL,Cocktail Dress,Casual Dress,3
J0119-TP-L,J0118-TP-L,Formal Top,Casual Top,3
SET264-KR-NP-L,SET268-KR-NP-L,Formal Set,Elegant Set,3
SET264-KR-NP-XL,SET265-KR-NP-XL,Designer Set,Designer Set,3
SET264-KR-NP-XL,SET269-KR-NP-XL,Designer Set,Formal Set,3
JNE3758-KR-L,JNE3742-KR-L,Casual Kurta,Cotton Kurta,3
SET265-KR-NP-S,SET268-KR-NP-S,Designer Set,Elegant Set,3
SET265-KR-NP-XL,SET264-KR-NP-XL,Designer Set,Designer Set,3
JNE3804-KR-M,JNE3567-KR-M,Casual Kurta,Designer Kurta,3
JNE3567-KR-L,JNE3405-KR-L,Cotton Kurta,Designer Kurta,3
JNE3567-KR-M,JNE3405-KR-M,Designer Kurta,Designer Kurta,3
J0336-TP-L,J0344-TP-L,Formal Top,Summer Top,3
SET268-KR-NP-L,SET197-KR-NP-L,Elegant Set,Casual Set,3
SET268-KR-NP-L,SET264-KR-NP-L,Elegant Set,Formal Set,3
SET268-KR-NP-L,SET269-KR-NP-L,Elegant Set,Formal Set,3
SET268-KR-NP-M,SET183-KR-DH-M,Designer Set,Elegant Set,3
JNE2199-KR-411-A-XS,JNE3373-KR-XS,Casual Kurta,Designer Kurta,3
SET268-KR-NP-S,SET265-KR-NP-S,Elegant Set,Designer Set,3
JNE3567-KR-M,JNE3804-KR-M,Designer Kurta,Casual Kurta,3
JNE3810-KR-XXL,JNE3837-KR-XXL,Designer Kurta,Designer Kurta,3
SET268-KR-NP-XS,J0230-SKD-XS,Designer Set,Elegant Set,3
JNE3437-KR-S,JNE3465-KR-S,Casual Kurta,Designer Kurta,3
J0343-DR-XL,J0341-DR-XL,Evening Dress,Summer Dress,3
SET268-KR-NP-XXL,SET269-KR-NP-XXL,Designer Set,Designer Set,3
J0119-TP-M,J0117-TP-M,Designer Top,Casual Top,3
JNE3437-KR-XXXL,JNE3465-KR-XXXL,Cotton Kurta,Casual Kurta,3
SET269-KR-NP-L,SET268-KR-NP-L,Formal Set,Elegant Set,3
SET269-KR-NP-XL,SET264-KR-NP-XL,Formal Set,Designer Set,3
SET269-KR-NP-XXL,SET268-KR-NP-XXL,Designer Set,Designer Set,3
JNE3837-KR-XXL,JNE3810-KR-XXL,Designer Kurta,Designer Kurta,3
JNE3439-KR-M,JNE3546-KR-M,Stylish Kurta,Stylish Kurta,3
JNE3687-TU-S,J0184-KR-A-S,Summer Top,Stylish Kurta,3
SET279-LC-S,J0095-SET-M,Elegant Set,Designer Set,3
J0389-TP-L,J0418-TP-L,Casual Top,Casual Top,3
JNE3568-KR-XL,JNE3405-KR-XL,Designer Kurta,Casual Kurta,3
SET281-KR-PP-M,SET243-KR-PP-M,Formal Set,Designer Set,3
J0344-TP-L,J0196-TP-L,Summer Top,Casual Top,3
JNE3480-KR-XXL,JNE3619-KR-XXL,Cotton Kurta,Stylish Kurta,3
JNE3775-KR-XXXL,JNE3790-KR-XXXL,Cotton Kurta,Cotton Kurta,3
JNE3480-KR-XXL,JNE3721-KR-XXL,Cotton Kurta,Cotton Kurta,3
JNE3440-KR-N-L,JNE3405-KR-L,Stylish Kurta,Designer Kurta,3
JNE3780-KR-XXL,JNE3257-KR-XXL,Casual Kurta,Cotton Kurta,3
JNE3780-KR-XXL,JNE3617-KR-XXL,Casual Kurta,Cotton Kurta,3
JNE3610-KR-XL,JNE3506-KR-XL,Designer Kurta,Cotton Kurta,3
JNE3482-KR-S,JNE3487-KR-S,Casual Kurta,Casual Kurta,3
JNE3703-KR-L,JNE3721-KR-L,Designer Kurta,Casual Kurta,3
JNE3703-KR-M,JNE1234-MULTI-KR-032-M,Designer Kurta,Cotton Kurta,3
JNE3440-KR-N-M,JNE3405-KR-M,Casual Kurta,Designer Kurta,3
JNE3440-KR-N-M,JNE3423-KR-M,Casual Kurta,Stylish Kurta,3
MEN5001-KR-M,MEN5023-KR-M,Cotton Kurta,Designer Kurta,3
MEN5002-KR-L,MEN5009-KR-L,Cotton Kurta,Cotton Kurta,3
J0344-TP-L,J0336-TP-L,Summer Top,Formal Top,3
JNE3399-KR-M,JNE3373-KR-M,Stylish Kurta,Stylish Kurta,3
JNE3399-KR-M,JNE3510-KR-M,Stylish Kurta,Designer Kurta,3
MEN5004-KR-L,MEN5009-KR-L,Stylish Kurta,Cotton Kurta,3
JNE3613-KR-L,JNE3364-KR-1051-A-L,Cotton Kurta,Cotton Kurta,3
JNE3784-KR-XXL,JNE3257-KR-XXL,Cotton Kurta,Cotton Kurta,3
JNE3399-KR-M,JNE3718-KR-M,Stylish Kurta,Casual Kurta,3
MEN5004-KR-XXXL,MEN5014-KR-XXXL,Casual Kurta,Designer Kurta,3
JNE3487-KR-S,JNE3482-KR-S,Casual Kurta,Casual Kurta,3
J0337-TP-XS,J0340-TP-XS,Formal Top,Formal Top,3
MEN5007-KR-M,MEN5015-KR-M,Cotton Kurta,Casual Kurta,3
SET304-KR-DPT-S,SET305-KR-DPT-S,Designer Set,Formal Set,3
JNE3257-KR-XXL,JNE3780-KR-XXL,Cotton Kurta,Casual Kurta,3
MEN5008-KR-L,MEN5009-KR-L,Cotton Kurta,Cotton Kurta,3
MEN5008-KR-L,MEN5027-KR-L,Cotton Kurta,Casual Kurta,3
SET304-KR-DPT-XXXL,SET316-KR-DPT-XXXL,Elegant Set,Elegant Set,3
JNE3257-KR-XXL,JNE3784-KR-XXL,Cotton Kurta,Cotton Kurta,3
SET305-KR-DPT-S,SET304-KR-DPT-S,Formal Set,Designer Set,3
J0337-TP-XXL,J0344-TP-XXL,Summer Top,Formal Top,3
JNE3787-KR-M,JNE3543-KR-M,Cotton Kurta,Casual Kurta,3
MEN5009-KR-L,MEN5002-KR-L,Cotton Kurta,Cotton Kurta,3
SET307-KR-DPT-XXXL,SET333-KR-DPT-XXXL,Elegant Set,Formal Set,3
MEN5009-KR-L,MEN5004-KR-L,Cotton Kurta,Stylish Kurta,3
MEN5009-KR-L,MEN5008-KR-L,Cotton Kurta,Cotton Kurta,3
SET316-KR-DPT-XXXL,SET304-KR-DPT-XXXL,Elegant Set,Elegant Set,3
JNE3405-KR-L,JNE3440-KR-N-L,Designer Kurta,Stylish Kurta,3
JNE3405-KR-L,JNE3567-KR-L,Designer Kurta,Cotton Kurta,3
JNE3714-KR-S,JNE3725-KR-S,Designer Kurta,Designer Kurta,3
JNE3506-KR-XL,JNE3610-KR-XL,Cotton Kurta,Designer Kurta,3
SET322-KR-SHA-XXL,SET324-KR-NP-XXL,Casual Set,Designer Set,3
JNE3405-KR-M,JNE3440-KR-N-M,Designer Kurta,Casual Kurta,3
JNE3376-KR-XXXL,JNE3634-KR-XXXL,Casual Kurta,Cotton Kurta,2
JNE3376-KR-XXXL,JNE3878-KR-XXXL,Casual Kurta,Designer Kurta,2
JNE3384-KR-XL,JNE3449-KR-XL,Cotton Kurta,Cotton Kurta,2
JNE3396-KR-XL,JNE3619-KR-XL,Designer Kurta,Designer Kurta,2
JNE3396-KR-XL,JNE3633-KR-XL,Designer Kurta,Designer Kurta,2
JNE3396-KR-XL,JNE3635-KR-XL,Designer Kurta,Cotton Kurta,2
JNE3396-KR-XXL,JNE3775-KR-XXL,Cotton Kurta,Designer Kurta,2
JNE3399-KR-L,JNE3461-KR-L,Cotton Kurta,Designer Kurta,2
JNE3399-KR-L,JNE3510-KR-L,Cotton Kurta,Stylish Kurta,2
JNE3399-KR-M,JNE3522-KR-M,Stylish Kurta,Cotton Kurta,2
JNE3399-KR-M,SET345-KR-NP-M,Stylish Kurta,Elegant Set,2
JNE3399-KR-XL,JNE3510-KR-XL,Designer Kurta,Cotton Kurta,2
JNE3399-KR-XXXL,JNE3368-KR-XXXL,Designer Kurta,Designer Kurta,2
JNE3405-KR-L,JNE3423-KR-L,Designer Kurta,Stylish Kurta,2
JNE3405-KR-S,JNE3567-KR-M,Stylish Kurta,Designer Kurta,2
JNE3405-KR-S,JNE3567-KR-S,Stylish Kurta,Stylish Kurta,2
JNE3405-KR-XS,JNE3440-KR-N-XS,Stylish Kurta,Casual Kurta,2
JNE3405-KR-XXL,JNE3567-KR-XXL,Stylish Kurta,Casual Kurta,2
JNE3405-KR-XXXL,JNE3294-KR-XXL,Stylish Kurta,Designer Kurta,2
JNE3405-KR-XXXL,JNE3440-KR-N-XXXL,Stylish Kurta,Designer Kurta,2
JNE3407-KR-L,JNE3479-KR-L,Stylish Kurta,Stylish Kurta,2
JNE3412-KR-XS,SET130-KR-NP-XS,Designer Kurta,Formal Set,2
JNE3413-KR-XXXL,JNE3788-KR-XXXL,Cotton Kurta,Designer Kurta,2
JNE3421-KR-N-XXL,JNE3439-KR-XXL,Cotton Kurta,Stylish Kurta,2
JNE3423-KR-L,JNE3405-KR-L,Stylish Kurta,Designer Kurta,2
JNE3423-KR-M,JNE3567-KR-M,Stylish Kurta,Designer Kurta,2
JNE3423-KR-S,JNE3440-KR-N-S,Designer Kurta,Cotton Kurta,2
JNE3423-KR-XL,JNE3439-KR-XL,Stylish Kurta,Designer Kurta,2
JNE3425-KR-XXXL,JNE3376-KR-XXXL,Cotton Kurta,Casual Kurta,2
JNE3425-KR-XXXL,JNE3431-KR-XXXL,Cotton Kurta,Casual Kurta,2
JNE3425-KR-XXXL,JNE3463-KR-XXXL,Cotton Kurta,Designer Kurta,2
JNE3425-KR-XXXL,JNE3468-KR-XXXL,Cotton Kurta,Designer Kurta,2
JNE3425-KR-XXXL,JNE3634-KR-XXXL,Cotton Kurta,Cotton Kurta,2
JNE3425-KR-XXXL,JNE3878-KR-XXXL,Cotton Kurta,Designer Kurta,2
JNE3431-KR-M,JNE3761-KR-M,Stylish Kurta,Designer Kurta,2
JNE3431-KR-XS,JNE2266-KR-490-A-XS,Casual Kurta,Stylish Kurta,2
JNE3431-KR-XXL,JNE3475-KR-K-XXL,Stylish Kurta,Stylish Kurta,2
JNE3431-KR-XXL,JNE3761-KR-XXL,Stylish Kurta,Designer Kurta,2
JNE3431-KR-XXXL,JNE3376-KR-XXXL,Casual Kurta,Casual Kurta,2
JNE3431-KR-XXXL,JNE3425-KR-XXXL,Casual Kurta,Cotton Kurta,2
JNE3431-KR-XXXL,JNE3463-KR-XXXL,Casual Kurta,Designer Kurta,2
JNE3431-KR-XXXL,JNE3468-KR-XXXL,Casual Kurta,Designer Kurta,2
JNE3431-KR-XXXL,JNE3634-KR-XXXL,Casual Kurta,Cotton Kurta,2
JNE3431-KR-XXXL,JNE3878-KR-XXXL,Casual Kurta,Designer Kurta,2
JNE3435-KR-S,SET268-KR-NP-XXL,Designer Kurta,Designer Set,2
JNE3437-KR-L,JNE3437-KR-XS,Cotton Kurta,Casual Kurta,2
JNE3437-KR-M,JNE3465-KR-M,Cotton Kurta,Stylish Kurta,2
JNE3437-KR-S,JNE3613-KR-S,Casual Kurta,Casual Kurta,2
JNE3437-KR-XS,JNE3437-KR-L,Casual Kurta,Cotton Kurta,2
JNE3439-KR-M,JNE3440-KR-N-M,Stylish Kurta,Casual Kurta,2
JNE3439-KR-XL,JNE3423-KR-XL,Designer Kurta,Stylish Kurta,2
JNE3439-KR-XL,JNE3546-KR-XL,Designer Kurta,Casual Kurta,2
JNE3439-KR-XXL,JNE3421-KR-N-XXL,Stylish Kurta,Cotton Kurta,2
JNE3440-KR-N-M,JNE3439-KR-M,Casual Kurta,Stylish Kurta,2
JNE3440-KR-N-S,JNE3423-KR-S,Cotton Kurta,Designer Kurta,2
JNE3440-KR-N-S,JNE3440-KR-N-XS,Cotton Kurta,Casual Kurta,2
JNE3440-KR-N-XL,JNE3443-KR-XL,Designer Kurta,Designer Kurta,2
JNE3440-KR-N-XL,JNE3568-KR-XL,Designer Kurta,Designer Kurta,2
JNE3440-KR-N-XL,SET281-KR-PP-XL,Designer Kurta,Designer Set,2
JNE3440-KR-N-XS,JNE3405-KR-XS,Casual Kurta,Stylish Kurta,2
JNE3440-KR-N-XS,JNE3440-KR-N-S,Casual Kurta,Cotton Kurta,2
JNE3440-KR-N-XS,JNE3567-KR-XS,Casual Kurta,Casual Kurta,2
JNE3440-KR-N-XS,SET263-KR-NP-XS,Casual Kurta,Casual Set,2
JNE3440-KR-N-XS,SET286-KR-NP-XS,Casual Kurta,Casual Set,2
JNE3440-KR-N-XXXL,JNE3405-KR-XXXL,Designer Kurta,Stylish Kurta,2
JNE3440-KR-N-XXXL,JNE3786-KR-XXXL,Designer Kurta,Casual Kurta,2
JNE3443-KR-XL,JNE3440-KR-N-XL,Designer Kurta,Designer Kurta,2
JNE3443-KR-XL,JNE3697-KR-XL,Designer Kurta,Casual Kurta,2
JNE3443-KR-XL,SET281-KR-PP-XL,Designer Kurta,Designer Set,2
JNE3449-KR-S,JNE3703-KR-S,Designer Kurta,Casual Kurta,2
JNE3449-KR-XL,JNE3384-KR-XL,Cotton Kurta,Cotton Kurta,2
JNE3461-KR-L,JNE3399-KR-L,Designer Kurta,Cotton Kurta,2
JNE3461-KR-L,JNE3510-KR-L,Designer Kurta,Stylish Kurta,2
JNE3461-KR-XXXL,JNE3611-KR-XXL,Cotton Kurta,Cotton Kurta,2
JNE3461-KR-XXXL,JNE3611-KR-XXXL,Cotton Kurta,Stylish Kurta,2
JNE3463-KR-L,J0008-SKD-L,Stylish Kurta,Formal Set,2
JNE3463-KR-XXXL,JNE3376-KR-XXXL,Designer Kurta,Casual Kurta,2
JNE3463-KR-XXXL,JNE3425-KR-XXXL,Designer Kurta,Cotton Kurta,2
JNE3463-KR-XXXL,JNE3431-KR-XXXL,Designer Kurta,Casual Kurta,2
JNE3463-KR-XXXL,JNE3468-KR-XXXL,Designer Kurta,Designer Kurta,2
JNE3463-KR-XXXL,JNE3634-KR-XXXL,Designer Kurta,Cotton Kurta,2
JNE3463-KR-XXXL,JNE3878-KR-XXXL,Designer Kurta,Designer Kurta,2
JNE3465-KR-L,JNE3348-KR-L,Cotton Kurta,Cotton Kurta,2
JNE3465-KR-M,JNE3437-KR-M,Stylish Kurta,Cotton Kurta,2
JNE3465-KR-M,SET184-KR-PP-M,Stylish Kurta,Formal Set,2
JNE3465-KR-XXL,JNE3613-KR-XXL,Stylish Kurta,Cotton Kurta,2
JNE3465-KR-XXXL,JNE3373-KR-XXXL,Casual Kurta,Designer Kurta,2
JNE3465-KR-XXXL,JNE3487-KR-XXXL,Casual Kurta,Designer Kurta,2
JNE3468-KR-L,JNE3702-KR-L,Designer Kurta,Casual Kurta,2
JNE3468-KR-L,JNE3716-KR-L,Designer Kurta,Designer Kurta,2
JNE3468-KR-L,JNE3721-KR-L,Designer Kurta,Casual Kurta,2
JNE3468-KR-M,JNE3620-KR-M,Cotton Kurta,Stylish Kurta,2
JNE3468-KR-XL,JNE3510-KR-XL,Stylish Kurta,Cotton Kurta,2
JNE3468-KR-XL,JNE3620-KR-XXL,Stylish Kurta,Designer Kurta,2
JNE3468-KR-XXL,JNE3515-KR-XXL,Designer Kurta,Cotton Kurta,2
JNE3468-KR-XXL,JNE3613-KR-XXL,Designer Kurta,Cotton Kurta,2
JNE3468-KR-XXL,SET197-KR-NP-XXL,Designer Kurta,Elegant Set,2
JNE3468-KR-XXXL,JNE3376-KR-XXXL,Designer Kurta,Casual Kurta,2
JNE3468-KR-XXXL,JNE3425-KR-XXXL,Designer Kurta,Cotton Kurta,2
JNE3468-KR-XXXL,JNE3431-KR-XXXL,Designer Kurta,Casual Kurta,2
JNE3468-KR-XXXL,JNE3463-KR-XXXL,Designer Kurta,Designer Kurta,2
JNE3468-KR-XXXL,JNE3878-KR-XXXL,Designer Kurta,Designer Kurta,2
JNE3468-KR-XXXL,SET331-KR-NP-XXXL,Designer Kurta,Elegant Set,2
JNE3471-KR-L,JNE3270-KR-L,Casual Kurta,Casual Kurta,2
JNE3473-KR-XS,JNE3793-KR-XS,Casual Kurta,Stylish Kurta,2
JNE3475-KR-K-XXL,JNE3431-KR-XXL,Stylish Kurta,Stylish Kurta,2
JNE3476-KR-XL,JNE3518-KR-XL,Cotton Kurta,Designer Kurta,2
JNE3479-KR-L,JNE3407-KR-L,Stylish Kurta,Stylish Kurta,2
JNE3479-KR-XS,J0033-KR-XS,Stylish Kurta,Casual Kurta,2
JNE3479-KR-XS,J0133-KR-XS,Stylish Kurta,Designer Kurta,2
JNE3480-KR-XXL,JNE3616-KR-XXXL,Cotton Kurta,Stylish Kurta,2
JNE3482-KR-L,JNE3487-KR-L,Designer Kurta,Cotton Kurta,2
JNE3482-KR-XXL,JNE3619-KR-XXL,Designer Kurta,Stylish Kurta,2
JNE3482-KR-XXL,JNE3721-KR-XL,Designer Kurta,Designer Kurta,2
JNE3487-KR-L,JNE2291-KR-602-L,Cotton Kurta,Cotton Kurta,2
JNE3487-KR-L,JNE3482-KR-L,Cotton Kurta,Designer Kurta,2
JNE3487-KR-M,JNE1525-KR-UDF19BLACK-M,Casual Kurta,Casual Kurta,2
JNE3487-KR-M,JNE3261-KR-M,Casual Kurta,Cotton Kurta,2
JNE3487-KR-M,JNE3742-KR-M,Casual Kurta,Stylish Kurta,2
JNE3487-KR-XL,JNE3601-KR-XL,Casual Kurta,Casual Kurta,2
JNE3487-KR-XXL,JNE3369-KR-XXL,Stylish Kurta,Casual Kurta,2
JNE3487-KR-XXL,JNE3790-KR-XXL,Stylish Kurta,Casual Kurta,2
JNE3487-KR-XXL,JNE3798-KR-XXL,Stylish Kurta,Evening Dress,2
JNE3487-KR-XXXL,JNE3465-KR-XXXL,Designer Kurta,Casual Kurta,2
JNE3501-KR-M,JNE3579-KR-M,Cotton Kurta,Stylish Kurta,2
JNE3504-KR-XL,SET331-KR-NP-XL,Stylish Kurta,Formal Set,2
JNE3506-KR-M,JNE3518-KR-S,Cotton Kurta,Cotton Kurta,2
JNE3506-KR-XL,JNE3638-KR-XL,Cotton Kurta,Designer Kurta,2
JNE3510-KR-L,JNE3399-KR-L,Stylish Kurta,Cotton Kurta,2
JNE3510-KR-L,JNE3461-KR-L,Stylish Kurta,Designer Kurta,2
JNE3510-KR-M,JNE3620-KR-M,Designer Kurta,Stylish Kurta,2
JNE3510-KR-M,JNE3636-KR-M,Designer Kurta,Stylish Kurta,2
JNE3510-KR-M,JNE3718-KR-M,Designer Kurta,Casual Kurta,2
JNE3510-KR-XL,JNE3399-KR-XL,Cotton Kurta,Designer Kurta,2
JNE3510-KR-XL,JNE3468-KR-XL,Cotton Kurta,Stylish Kurta,2
JNE3510-KR-XXL,SET345-KR-NP-XXL,Casual Kurta,Elegant Set,2
JNE3515-KR-XXL,JNE3468-KR-XXL,Cotton Kurta,Designer Kurta,2
JNE3515-KR-XXL,JNE3613-KR-XXL,Cotton Kurta,Cotton Kurta,2
JNE3518-KR-L,JNE3611-KR-L,Designer Kurta,Cotton Kurta,2
JNE3518-KR-M,J0008-SKD-M,Casual Kurta,Casual Set,2
JNE3518-KR-M,J0111-TP-XS,Casual Kurta,Summer Top,2
JNE3518-KR-M,JNE3518-KR-XL,Casual Kurta,Designer Kurta,2
JNE3518-KR-M,JNE3518-KR-XXL,Casual Kurta,Designer Kurta,2
JNE3518-KR-M,JNE3741-KR-M,Casual Kurta,Stylish Kurta,2
JNE3518-KR-M,SET184-KR-PP-M,Casual Kurta,Formal Set,2
JNE3518-KR-S,JNE3506-KR-M,Cotton Kurta,Cotton Kurta,2
JNE3518-KR-XL,JNE3476-KR-XL,Designer Kurta,Cotton Kurta,2
JNE3518-KR-XL,JNE3518-KR-M,Designer Kurta,Casual Kurta,2
JNE3518-KR-XL,JNE3518-KR-XXL,Designer Kurta,Designer Kurta,2
JNE3518-KR-XL,JNE3549-KR-XL,Designer Kurta,Cotton Kurta,2
JNE3518-KR-XL,JNE3613-KR-XL,Designer Kurta,Designer Kurta,2
JNE3518-KR-XXL,JNE3518-KR-M,Designer Kurta,Casual Kurta,2
JNE3518-KR-XXL,JNE3518-KR-XL,Designer Kurta,Designer Kurta,2
JNE3522-KR-L,JNE3612-KR-L,Stylish Kurta,Stylish Kurta,2
JNE3522-KR-M,JNE3399-KR-M,Cotton Kurta,Stylish Kurta,2
JNE3522-KR-XL,JNE3776-KR-L,Designer Kurta,Stylish Kurta,2
JNE3530-KR-XS,J0299-KR-S,Stylish Kurta,Designer Kurta,2
JNE3543-KR-S,SET397-KR-NP  -M,Cotton Kurta,Elegant Set,2
JNE3543-KR-XXXL,J0139-KR-XXXL,Casual Kurta,Casual Kurta,2
JNE3546-KR-M,SET144-KR-NP-M,Stylish Kurta,Designer Set,2
JNE3546-KR-XL,JNE3439-KR-XL,Casual Kurta,Designer Kurta,2
JNE3546-KR-XXL,JNE3787-KR-XXXL,Stylish Kurta,Cotton Kurta,2
JNE3549-KR-XL,JNE3518-KR-XL,Cotton Kurta,Designer Kurta,2
JNE3549-KR-XL,JNE3613-KR-XL,Cotton Kurta,Designer Kurta,2
JNE3560-KR-L,JNE3697-KR-L,Stylish Kurta,Cotton Kurta,2
JNE3560-KR-XXXL,JNE3628-KR-XXXL,Casual Kurta,Cotton Kurta,2
JNE3564-KR-M,SET156-KR-NP-M,Designer Kurta,Elegant Set,2
JNE3566-KR-XL,JNE3722-KR-XL,Casual Kurta,Casual Kurta,2
JNE3567-KR-M,JNE3405-KR-S,Designer Kurta,Stylish Kurta,2
JNE3567-KR-M,JNE3423-KR-M,Designer Kurta,Stylish Kurta,2
JNE3567-KR-M,JNE3797-KR-S,Designer Kurta,Evening Dress,2
JNE3567-KR-M,JNE3805-KR-M,Designer Kurta,Casual Kurta,2
JNE3567-KR-M,SET324-KR-NP-M,Designer Kurta,Designer Set,2
JNE3567-KR-S,JNE3405-KR-S,Stylish Kurta,Stylish Kurta,2
JNE3567-KR-XS,JNE3440-KR-N-XS,Casual Kurta,Casual Kurta,2
JNE3567-KR-XXL,JNE3405-KR-XXL,Casual Kurta,Stylish Kurta,2
JNE3567-KR-XXL,JNE3568-KR-XXL,Casual Kurta,Stylish Kurta,2
JNE3568-KR-L,SET268-KR-NP-L,Casual Kurta,Elegant Set,2
JNE3568-KR-M,SET185-KR-NP-M,Casual Kurta,Formal Set,2
JNE3568-KR-XL,JNE3440-KR-N-XL,Designer Kurta,Designer Kurta,2
JNE3568-KR-XXL,JNE3567-KR-XXL,Stylish Kurta,Casual Kurta,2
JNE3579-KR-M,JNE3501-KR-M,Stylish Kurta,Cotton Kurta,2
JNE3601-KR-XL,JNE3487-KR-XL,Casual Kurta,Casual Kurta,2
JNE3611-KR-L,JNE3518-KR-L,Cotton Kurta,Designer Kurta,2
JNE3611-KR-XXL,JNE3461-KR-XXXL,Cotton Kurta,Cotton Kurta,2
JNE3611-KR-XXXL,JNE3294-KR-XXXL,Stylish Kurta,Designer Kurta,2
JNE3611-KR-XXXL,JNE3461-KR-XXXL,Stylish Kurta,Cotton Kurta,2
JNE3611-KR-XXXL,JNE3718-KR-XXXL,Stylish Kurta,Stylish Kurta,2
JNE3612-KR-L,JNE3522-KR-L,Stylish Kurta,Stylish Kurta,2
JNE3612-KR-L,JNE3612-KR-XL,Stylish Kurta,Casual Kurta,2
JNE3612-KR-XL,JNE3612-KR-L,Casual Kurta,Stylish Kurta,2
JNE3613-KR-M,JNE3618-KR-M,Casual Kurta,Cotton Kurta,2
JNE3613-KR-S,JNE3437-KR-S,Casual Kurta,Casual Kurta,2
JNE3613-KR-XL,JNE3368-KR-XL,Designer Kurta,Stylish Kurta,2
JNE3613-KR-XL,JNE3518-KR-XL,Designer Kurta,Designer Kurta,2
JNE3613-KR-XL,JNE3549-KR-XL,Designer Kurta,Cotton Kurta,2
JNE3613-KR-XXL,JNE3465-KR-XXL,Cotton Kurta,Stylish Kurta,2
JNE3613-KR-XXL,JNE3468-KR-XXL,Cotton Kurta,Designer Kurta,2
JNE3613-KR-XXL,JNE3515-KR-XXL,Cotton Kurta,Cotton Kurta,2
JNE3614-KR-L,JNE3764-KR-L,Stylish Kurta,Casual Kurta,2
JNE3614-KR-M,J0012-SKD-M,Stylish Kurta,Designer Set,2
JNE3614-KR-XS,JNE3634-KR-XS,Cotton Kurta,Stylish Kurta,2
JNE3614-KR-XS,JNE3721-KR-XS,Cotton Kurta,Stylish Kurta,2
JNE3616-KR-XXXL,JNE3480-KR-XXL,Stylish Kurta,Cotton Kurta,2
JNE3616-KR-XXXL,JNE3619-KR-XXL,Stylish Kurta,Stylish Kurta,2
JNE3616-KR-XXXL,JNE3721-KR-XXL,Stylish Kurta,Cotton Kurta,2
JNE3616-KR-XXXL,SET058-KR-NP-XXXL,Stylish Kurta,Elegant Set,2
JNE3617-KR-S,JNE3721-KR-S,Casual Kurta,Stylish Kurta,2
JNE3617-KR-XXL,JNE3257-KR-XXL,Cotton Kurta,Cotton Kurta,2
JNE3617-KR-XXL,JNE3784-KR-XXL,Cotton Kurta,Cotton Kurta,2
JNE3618-KR-M,JNE3613-KR-M,Cotton Kurta,Casual Kurta,2
JNE3618-KR-XS,J0230-SKD-XS,Casual Kurta,Elegant Set,2
JNE3619-KR-M,JNE3738-KR-M,Casual Kurta,Stylish Kurta,2
JNE3619-KR-XL,JNE3396-KR-XL,Designer Kurta,Designer Kurta,2
JNE3619-KR-XL,JNE3738-KR-XL,Designer Kurta,Designer Kurta,2
JNE3619-KR-XXL,JNE1977-KR-237-XXL,Stylish Kurta,Stylish Kurta,2
JNE3619-KR-XXL,JNE3482-KR-XXL,Stylish Kurta,Designer Kurta,2
JNE3619-KR-XXL,JNE3616-KR-XXXL,Stylish Kurta,Stylish Kurta,2
JNE3620-KR-M,JNE3468-KR-M,Stylish Kurta,Cotton Kurta,2
JNE3620-KR-M,JNE3510-KR-M,Stylish Kurta,Designer Kurta,2
JNE3620-KR-XXL,JNE3468-KR-XL,Designer Kurta,Stylish Kurta,2
JNE3627-KR-L,JNE3735-KR-L,Casual Kurta,Designer Kurta,2
JNE3627-KR-L,JNE3785-KR-L,Casual Kurta,Cotton Kurta,2
JNE3628-KR-XXXL,JNE3560-KR-XXXL,Cotton Kurta,Casual Kurta,2
JNE3628-KR-XXXL,SET288-KR-NP-XXXL,Cotton Kurta,Designer Set,2
JNE3629-KR-XL,JNE3724-KR-XL,Stylish Kurta,Casual Kurta,2
JNE3633-KR-XL,JNE3396-KR-XL,Designer Kurta,Designer Kurta,2
JNE3634-KR-M,J0008-SKD-S,Designer Kurta,Elegant Set,2
JNE3634-KR-M,JNE3634-KR-S,Designer Kurta,Stylish Kurta,2
JNE3634-KR-S,J0008-SKD-S,Stylish Kurta,Elegant Set,2
JNE3634-KR-S,JNE3634-KR-M,Stylish Kurta,Designer Kurta,2
JNE3634-KR-XS,JNE3614-KR-XS,Stylish Kurta,Cotton Kurta,2
JNE3634-KR-XXL,JNE3822-KR-XXL,Stylish Kurta,Stylish Kurta,2
JNE3634-KR-XXXL,J0006-SET-XXXL,Cotton Kurta,Designer Ethnic Dress,2
JNE3634-KR-XXXL,JNE3376-KR-XXXL,Cotton Kurta,Casual Kurta,2
JNE3634-KR-XXXL,JNE3425-KR-XXXL,Cotton Kurta,Cotton Kurta,2
JNE3634-KR-XXXL,JNE3431-KR-XXXL,Cotton Kurta,Casual Kurta,2
JNE3634-KR-XXXL,JNE3463-KR-XXXL,Cotton Kurta,Designer Kurta,2
JNE3634-KR-XXXL,JNE3636-KR-XXXL,Cotton Kurta,Casual Kurta,2
JNE3634-KR-XXXL,JNE3878-KR-XXXL,Cotton Kurta,Designer Kurta,2
JNE3635-KR-XL,JNE3396-KR-XL,Cotton Kurta,Designer Kurta,2
JNE3636-KR-M,JNE3510-KR-M,Stylish Kurta,Designer Kurta,2
JNE3636-KR-XXXL,JNE3634-KR-XXXL,Casual Kurta,Cotton Kurta,2
JNE3636-KR-XXXL,JNE3764-KR-XXXL,Casual Kurta,Casual Kurta,2
JNE3638-KR-XL,JNE3506-KR-XL,Designer Kurta,Cotton Kurta,2
JNE3638-KR-XXL,JNE3697-KR-XXL,Cotton Kurta,Cotton Kurta,2
JNE3638-KR-XXXL,SET328-KR-NP-XXXL,Cotton Kurta,Designer Set,2
JNE3638-KR-XXXL,SET374-KR-NP-XXXL,Cotton Kurta,Formal Set,2
JNE3639-TP-N-L,JNE3640-TP-N-L,Designer Top,Summer Top,2
JNE3640-TP-N-L,JNE3639-TP-N-L,Summer Top,Designer Top,2
JNE3640-TP-N-M,J0344-TP-M,Formal Top,Casual Top,2
JNE3640-TP-N-S,JNE3665-TP-S,Summer Top,Formal Top,2
JNE3640-TP-N-XS,JNE3662-TP-XS,Designer Top,Formal Top,2
JNE3645-TP-N-XS,J0348-SET-XS,Formal Top,Casual Set,2
JNE3648-TP-N-M,JNE3665-TP-M,Formal Top,Designer Top,2
JNE3648-TP-N-S,J0153-DR-XS,Casual Top,Summer Dress,2
JNE3648-TP-N-S,JNE3662-TP-S,Casual Top,Casual Top,2
JNE3651-TP-N-XL,JNE3659-TP-N-XL,Formal Top,Designer Top,2
JNE3655-TP-XXL,J0117-TP-XL,Designer Top,Casual Top,2
JNE3659-TP-N-L,J0201-TP-L,Designer Top,Designer Top,2
JNE3659-TP-N-XL,JNE3651-TP-N-XL,Designer Top,Formal Top,2
JNE3659-TP-N-XXL,J0301-TP-XXL,Designer Top,Summer Top,2
JNE3662-TP-S,J0153-DR-XS,Casual Top,Summer Dress,2
JNE3662-TP-S,JNE3648-TP-N-S,Casual Top,Casual Top,2
JNE3662-TP-XS,JNE3640-TP-N-XS,Formal Top,Designer Top,2
JNE3665-TP-M,JNE3648-TP-N-M,Designer Top,Formal Top,2
JNE3665-TP-S,JNE3640-TP-N-S,Formal Top,Summer Top,2
JNE3673-TU-L,JNE3691-TU-L,Casual Top,Formal Top,2
JNE3687-TU-XXL,J0308-DR-XXL,Casual Top,Casual Dress,2
JNE3691-TU-L,JNE3673-TU-L,Formal Top,Casual Top,2
JNE3697-KR-L,J0135-SET-L,Cotton Kurta,Formal Set,2
JNE3697-KR-L,JNE3560-KR-L,Cotton Kurta,Stylish Kurta,2
JNE3697-KR-S,SET324-KR-NP-S,Casual Kurta,Casual Set,2
JNE3697-KR-XL,JNE3443-KR-XL,Casual Kurta,Designer Kurta,2
JNE3697-KR-XL,SET281-KR-PP-XL,Casual Kurta,Designer Set,2
JNE3697-KR-XXL,JNE3638-KR-XXL,Cotton Kurta,Cotton Kurta,2
JNE3701-KR-XL,CH208-MUSTARD-L,Stylish Kurta,Leggings,2
JNE3702-KR-L,JNE3468-KR-L,Casual Kurta,Designer Kurta,2
JNE3703-KR-S,JNE3449-KR-S,Casual Kurta,Designer Kurta,2
JNE3703-KR-S,JNE3721-KR-S,Casual Kurta,Stylish Kurta,2
JNE3703-KR-XS,JNE3721-KR-XS,Casual Kurta,Stylish Kurta,2
JNE3703-KR-XXL,SET291-KR-PP-XXL,Designer Kurta,Elegant Set,2
JNE3703-KR-XXL,SET291-KR-PP-XXXL,Designer Kurta,Casual Set,2
JNE3706-DR-L,J0341-DR-L,Summer Dress,Casual Dress,2
JNE3706-DR-L,J0343-DR-M,Summer Dress,Casual Dress,2
JNE3706-DR-XXXL,JNE3707-DR-XXXL,Casual Dress,Casual Dress,2
JNE3707-DR-L,JNE3801-KR-M,Cocktail Dress,Cotton Kurta,2
JNE3707-DR-L,JNE3905-DR-L,Cocktail Dress,Summer Dress,2
JNE3707-DR-XXXL,JNE3706-DR-XXXL,Casual Dress,Casual Dress,2
JNE3710-DR-L,J0157-DR-L,Casual Dress,Cocktail Dress,2
JNE3710-DR-M,J0295-DR-M,Cocktail Dress,Summer Dress,2
JNE3710-DR-XXXL,J0396-DR-XXXL,Cocktail Dress,Summer Dress,2
JNE3712-TP-N-XL,J0301-TP-XL,Summer Top,Summer Top,2
JNE3712-TP-N-XL,JNE3860-DR-XL,Summer Top,Cocktail Dress,2
JNE3714-KR-L,JNE3721-KR-L,Cotton Kurta,Casual Kurta,2
JNE3714-KR-L,SET286-KR-NP-L,Cotton Kurta,Formal Set,2
JNE3714-KR-XL,JNE3738-KR-XL,Designer Kurta,Designer Kurta,2
JNE3716-KR-L,JNE3468-KR-L,Designer Kurta,Designer Kurta,2
JNE3716-KR-L,JNE3761-KR-L,Designer Kurta,Casual Kurta,2
JNE3716-KR-XXL,JNE3721-KR-XXL,Stylish Kurta,Cotton Kurta,2
JNE3716-KR-XXXL,JNE3742-KR-XXXL,Cotton Kurta,Designer Kurta,2
JNE3716-KR-XXXL,JNE3764-KR-XXXL,Cotton Kurta,Casual Kurta,2
JNE3716-KR-XXXL,JNE3781-KR-XXXL,Cotton Kurta,Designer Kurta,2
JNE3716-KR-XXXL,JNE3784-KR-XXXL,Cotton Kurta,Cotton Kurta,2
JNE3718-KR-L,JNE3739-KR-L,Designer Kurta,Cotton Kurta,2
JNE3718-KR-M,JNE3510-KR-M,Casual Kurta,Designer Kurta,2
JNE3718-KR-XL,J0096-KR-XL,Designer Kurta,Cotton Kurta,2
JNE3718-KR-XXXL,JNE3611-KR-XXXL,Stylish Kurta,Stylish Kurta,2
JNE3721-KR-L,JNE3468-KR-L,Casual Kurta,Designer Kurta,2
JNE3721-KR-L,JNE3714-KR-L,Casual Kurta,Cotton Kurta,2
JNE3721-KR-S,JNE3617-KR-S,Stylish Kurta,Casual Kurta,2
JNE3721-KR-S,JNE3703-KR-S,Stylish Kurta,Casual Kurta,2
JNE3721-KR-XL,JNE3482-KR-XXL,Designer Kurta,Designer Kurta,2
JNE3721-KR-XL,JNE3739-KR-XL,Designer Kurta,Designer Kurta,2
JNE3721-KR-XS,JNE3614-KR-XS,Stylish Kurta,Cotton Kurta,2
JNE3721-KR-XS,JNE3703-KR-XS,Stylish Kurta,Casual Kurta,2
JNE3721-KR-XS,JNE3789-KR-XS,Stylish Kurta,Casual Kurta,2
JNE3721-KR-XXL,JNE3616-KR-XXXL,Cotton Kurta,Stylish Kurta,2
JNE3721-KR-XXL,JNE3716-KR-XXL,Cotton Kurta,Stylish Kurta,2
JNE3721-KR-XXL,PJNE3363-KR-N-5XL,Cotton Kurta,Stylish Kurta,2
JNE3722-KR-L,JNE3722-KR-M,Casual Kurta,Casual Kurta,2
JNE3722-KR-L,JNE3758-KR-L,Casual Kurta,Casual Kurta,2
JNE3722-KR-M,JNE3722-KR-L,Casual Kurta,Casual Kurta,2
JNE3722-KR-XL,JNE3566-KR-XL,Casual Kurta,Casual Kurta,2
JNE3722-KR-XL,JNE3838-KR-XXL,Casual Kurta,Designer Kurta,2
JNE3724-KR-XL,JNE3629-KR-XL,Casual Kurta,Stylish Kurta,2
JNE3735-KR-L,JNE3627-KR-L,Designer Kurta,Casual Kurta,2
JNE3736-KR-XXXL,JNE3748-KR-XXXL,Casual Kurta,Cotton Kurta,2
JNE3738-KR-L,JNE3768-KR-L,Stylish Kurta,Stylish Kurta,2
JNE3738-KR-L,JNE3781-KR-L,Stylish Kurta,Cotton Kurta,2
JNE3738-KR-M,JNE3619-KR-M,Stylish Kurta,Casual Kurta,2
JNE3738-KR-XL,JNE3619-KR-XL,Designer Kurta,Designer Kurta,2
JNE3738-KR-XL,JNE3714-KR-XL,Designer Kurta,Designer Kurta,2
JNE3739-KR-L,JNE1408-KR-UDF19-A-M,Cotton Kurta,Cotton Kurta,2
JNE3739-KR-L,JNE3160-KR-M,Cotton Kurta,Casual Kurta,2
JNE3739-KR-L,JNE3718-KR-L,Cotton Kurta,Designer Kurta,2
JNE3739-KR-L,SET268-KR-NP-L,Cotton Kurta,Elegant Set,2
JNE3739-KR-S,J0005-DR-S,Stylish Kurta,Casual Dress,2
JNE3739-KR-XL,JNE2014-KR-178-XL,Designer Kurta,Casual Kurta,2
JNE3739-KR-XL,JNE3721-KR-XL,Designer Kurta,Designer Kurta,2
JNE3739-KR-XXL,J0230-SKD-XXL,Stylish Kurta,Designer Set,2
JNE3739-KR-XXXL,JNE3778-KR-XXXL,Casual Kurta,Cotton Kurta,2
JNE3739-KR-XXXL,JNE3781-KR-XXXL,Casual Kurta,Designer Kurta,2
JNE3741-KR-M,JNE3518-KR-M,Stylish Kurta,Casual Kurta,2
JNE3742-KR-M,JNE1525-KR-UDF19BLACK-M,Stylish Kurta,Casual Kurta,2
JNE3742-KR-M,JNE3487-KR-M,Stylish Kurta,Casual Kurta,2
JNE3742-KR-XXXL,JNE3716-KR-XXXL,Designer Kurta,Cotton Kurta,2
JNE3745-KR-XXXL,JNE3790-KR-XXXL,Cotton Kurta,Cotton Kurta,2
JNE3748-KR-XXXL,JNE3736-KR-XXXL,Cotton Kurta,Casual Kurta,2
JNE3749-KR-XXXL,JNE3753-KR-XXXL,Stylish Kurta,Casual Kurta,2
JNE3752-KR-XXL,JNE3796-KR-XXL,Casual Kurta,Designer Kurta,2
JNE3752-KR-XXL,JNE3800-KR-L,Casual Kurta,Evening Dress,2
JNE3752-KR-XXL,SET331-KR-NP-XL,Casual Kurta,Formal Set,2
JNE3752-KR-XXXL,JNE3796-KR-XXXL,Designer Kurta,Designer Kurta,2
JNE3753-KR-XXXL,JNE3749-KR-XXXL,Casual Kurta,Stylish Kurta,2
JNE3757-KR-S,SET286-KR-NP-S,Designer Kurta,Formal Set,2
JNE3758-KR-L,JNE3722-KR-L,Casual Kurta,Casual Kurta,2
JNE3761-KR-L,JNE3716-KR-L,Casual Kurta,Designer Kurta,2
JNE3761-KR-M,JNE3431-KR-M,Designer Kurta,Stylish Kurta,2
JNE3761-KR-XXL,JNE3431-KR-XXL,Designer Kurta,Stylish Kurta,2
JNE3764-KR-L,JNE3614-KR-L,Casual Kurta,Stylish Kurta,2
JNE3764-KR-XXXL,JNE3636-KR-XXXL,Casual Kurta,Casual Kurta,2
JNE3764-KR-XXXL,JNE3716-KR-XXXL,Casual Kurta,Cotton Kurta,2
JNE3764-KR-XXXL,JNE3781-KR-XXXL,Casual Kurta,Designer Kurta,2
JNE3764-KR-XXXL,JNE3784-KR-XXXL,Casual Kurta,Cotton Kurta,2
JNE3764-KR-XXXL,JNE3790-KR-XXXL,Casual Kurta,Cotton Kurta,2
JNE3765-KR-XS,JNE3769-KR-XS,Stylish Kurta,Casual Kurta,2
JNE3766-KR-M,JNE3769-KR-M,Cotton Kurta,Designer Kurta,2
JNE3766-KR-XXXL,JNE3769-KR-XXXL,Designer Kurta,Casual Kurta,2
JNE3766-KR-XXXL,MEN5023-KR-M,Designer Kurta,Designer Kurta,2
JNE3768-KR-L,JNE3738-KR-L,Stylish Kurta,Stylish Kurta,2
JNE3768-KR-L,JNE3781-KR-L,Stylish Kurta,Cotton Kurta,2
JNE3769-KR-M,JNE3766-KR-M,Designer Kurta,Cotton Kurta,2
JNE3769-KR-XS,JNE3765-KR-XS,Casual Kurta,Stylish Kurta,2
JNE3769-KR-XXXL,JNE3766-KR-XXXL,Casual Kurta,Designer Kurta,2
JNE3775-KR-XL,JNE3790-KR-XL,Cotton Kurta,Casual Kurta,2
JNE3775-KR-XXL,JNE3396-KR-XXL,Designer Kurta,Cotton Kurta,2
JNE3776-KR-L,JNE3522-KR-XL,Stylish Kurta,Designer Kurta,2
JNE3778-KR-XXXL,JNE3739-KR-XXXL,Cotton Kurta,Casual Kurta,2
JNE3778-KR-XXXL,JNE3781-KR-XXXL,Cotton Kurta,Designer Kurta,2
JNE3781-KR-L,JNE3738-KR-L,Cotton Kurta,Stylish Kurta,2
JNE3781-KR-L,JNE3768-KR-L,Cotton Kurta,Stylish Kurta,2
JNE3781-KR-XL,JNE3784-KR-XL,Cotton Kurta,Casual Kurta,2
JNE3781-KR-XXXL,JNE3716-KR-XXXL,Designer Kurta,Cotton Kurta,2
JNE3781-KR-XXXL,JNE3739-KR-XXXL,Designer Kurta,Casual Kurta,2
JNE3781-KR-XXXL,JNE3764-KR-XXXL,Designer Kurta,Casual Kurta,2
JNE3781-KR-XXXL,JNE3778-KR-XXXL,Designer Kurta,Cotton Kurta,2
JNE3782-KR-XXL,JNE3784-KR-XXL,Cotton Kurta,Cotton Kurta,2
JNE3782-KR-XXXL,SET332-KR-PP-XXXL,Stylish Kurta,Elegant Set,2
JNE3782-KR-XXXL,SET385-KR-NP-XXXL,Stylish Kurta,Formal Set,2
JNE3783-KR-XXXL,J0352-KR-XXL,Stylish Kurta,Cotton Kurta,2
JNE3784-KR-L,J0355-KR-L,Cotton Kurta,Casual Kurta,2
JNE3784-KR-XL,JNE3781-KR-XL,Casual Kurta,Cotton Kurta,2
JNE3784-KR-XXL,JNE3617-KR-XXL,Cotton Kurta,Cotton Kurta,2
JNE3784-KR-XXL,JNE3782-KR-XXL,Cotton Kurta,Cotton Kurta,2
JNE3784-KR-XXL,JNE3837-KR-XXL,Cotton Kurta,Designer Kurta,2
JNE3784-KR-XXXL,JNE3716-KR-XXXL,Cotton Kurta,Cotton Kurta,2
JNE3784-KR-XXXL,JNE3764-KR-XXXL,Cotton Kurta,Casual Kurta,2
JNE3785-KR-L,JNE3627-KR-L,Cotton Kurta,Casual Kurta,2
JNE3786-KR-XXXL,JNE3440-KR-N-XXXL,Casual Kurta,Designer Kurta,2
JNE3787-KR-M,J0003-SET-M,Cotton Kurta,Elegant Set,2
JNE3787-KR-S,J0150-KR-S,Casual Kurta,Designer Kurta,2
JNE3787-KR-XXXL,JNE3546-KR-XXL,Cotton Kurta,Stylish Kurta,2
JNE3788-KR-XXXL,JNE3413-KR-XXXL,Designer Kurta,Cotton Kurta,2
JNE3789-KR-XS,JNE3721-KR-XS,Casual Kurta,Stylish Kurta,2
JNE3790-KR-XL,JNE3775-KR-XL,Casual Kurta,Cotton Kurta,2
JNE3790-KR-XXL,JNE3487-KR-XXL,Casual Kurta,Stylish Kurta,2
JNE3790-KR-XXXL,JNE3745-KR-XXXL,Cotton Kurta,Cotton Kurta,2
JNE3790-KR-XXXL,JNE3764-KR-XXXL,Cotton Kurta,Casual Kurta,2
JNE3792-KR-L,JNE3376-KR-L,Stylish Kurta,Cotton Kurta,2
JNE3793-KR-XL,JNE3273-KR-XL,Stylish Kurta,Cotton Kurta,2
JNE3793-KR-XS,JNE3473-KR-XS,Stylish Kurta,Casual Kurta,2
JNE3794-KR-XL,JNE3291-KR-XL,Cotton Kurta,Stylish Kurta,2
JNE3796-KR-XXL,JNE3752-KR-XXL,Designer Kurta,Casual Kurta,2
JNE3796-KR-XXL,JNE3800-KR-L,Designer Kurta,Evening Dress,2
JNE3796-KR-XXL,SET331-KR-NP-XL,Designer Kurta,Formal Set,2
JNE3796-KR-XXXL,JNE3752-KR-XXXL,Designer Kurta,Designer Kurta,2
JNE3797-KR-L,JNE3797-KR-S,Evening Dress,Evening Dress,2
JNE3797-KR-L,JNE3798-KR-XL,Evening Dress,Evening Dress,2
JNE3797-KR-L,JNE3800-KR-A-L,Evening Dress,Evening Dress,2
JNE3797-KR-L,JNE3801-KR-XL,Evening Dress,Casual Kurta,2
JNE3797-KR-S,JNE3567-KR-M,Evening Dress,Designer Kurta,2
JNE3797-KR-S,JNE3797-KR-L,Evening Dress,Evening Dress,2
JNE3797-KR-S,JNE3798-KR-S,Evening Dress,Evening Dress,2
JNE3797-KR-XL,J0392-TP-XL,Casual Dress,Summer Top,2
JNE3797-KR-XL,JNE3373-KR-XL,Casual Dress,Stylish Kurta,2
JNE3797-KR-XL,JNE3798-KR-L,Casual Dress,Cocktail Dress,2
JNE3797-KR-XL,SET444-KR-SH-XL,Casual Dress,Formal Set,2
JNE3797-KR-XS,JNE3800-KR-XS,Summer Dress,Summer Dress,2
JNE3797-KR-XS,JNE3801-KR-L,Summer Dress,Casual Kurta,2
JNE3797-KR-XS,JNE3801-KR-XS,Summer Dress,Cotton Kurta,2
JNE3797-KR-XXL,JNE3798-KR-XL,Summer Dress,Evening Dress,2
JNE3797-KR-XXXL,JNE3800-KR-A-XXL,Cocktail Dress,Summer Dress,2
JNE3797-KR-XXXL,JNE3801-KR-XXL,Cocktail Dress,Casual Kurta,2
JNE3797-KR-XXXL,JNE3856-KR-XXXL,Cocktail Dress,Designer Kurta,2
JNE3798-KR-L,JNE3797-KR-XL,Cocktail Dress,Casual Dress,2
JNE3798-KR-L,JNE3798-KR-M,Cocktail Dress,Summer Dress,2
JNE3798-KR-L,JNE3798-KR-S,Cocktail Dress,Evening Dress,2
JNE3798-KR-L,JNE3801-KR-XL,Cocktail Dress,Casual Kurta,2
JNE3798-KR-M,JNE3798-KR-L,Summer Dress,Cocktail Dress,2
JNE3798-KR-S,JNE3797-KR-S,Evening Dress,Evening Dress,2
JNE3798-KR-S,JNE3798-KR-L,Evening Dress,Cocktail Dress,2
JNE3798-KR-XL,JNE3797-KR-L,Evening Dress,Evening Dress,2
JNE3798-KR-XL,JNE3797-KR-XXL,Evening Dress,Summer Dress,2
JNE3798-KR-XL,JNE3800-KR-XL,Evening Dress,Summer Dress,2
JNE3798-KR-XS,JNE3799-KR-XS,Summer Dress,Casual Kurta,2
JNE3798-KR-XXL,JNE3487-KR-XXL,Evening Dress,Stylish Kurta,2
JNE3798-KR-XXL,JNE3799-KR-XXL,Evening Dress,Stylish Kurta,2
JNE3798-KR-XXXL,JNE3801-KR-XXXL,Cocktail Dress,Casual Kurta,2
JNE3799-KR-XS,JNE3798-KR-XS,Casual Kurta,Summer Dress,2
JNE3799-KR-XXL,JNE3798-KR-XXL,Stylish Kurta,Evening Dress,2
JNE3799-KR-XXL,JNE3801-KR-XXL,Stylish Kurta,Casual Kurta,2
JNE3800-KR-A-L,JNE3797-KR-L,Evening Dress,Evening Dress,2
JNE3800-KR-A-XXL,JNE3797-KR-XXXL,Summer Dress,Cocktail Dress,2
JNE3800-KR-A-XXXL,SET327-KR-DPT-XXXL,Casual Dress,Formal Set,2
JNE3800-KR-L,JNE3752-KR-XXL,Evening Dress,Casual Kurta,2
JNE3800-KR-L,JNE3796-KR-XXL,Evening Dress,Designer Kurta,2
JNE3800-KR-L,SET331-KR-NP-XL,Evening Dress,Formal Set,2
JNE3800-KR-XL,JNE3798-KR-XL,Summer Dress,Evening Dress,2
JNE3800-KR-XS,JNE3797-KR-XS,Summer Dress,Summer Dress,2
JNE3800-KR-XXL,JNE3801-KR-XXL,Casual Dress,Casual Kurta,2
JNE3800-KR-XXXL,J0373-KR-XXXL,Summer Dress,Designer Kurta,2
JNE3801-KR-L,JNE3797-KR-XS,Casual Kurta,Summer Dress,2
JNE3801-KR-M,JNE3707-DR-L,Cotton Kurta,Cocktail Dress,2
JNE3801-KR-M,JNE3801-KR-XXL,Cotton Kurta,Casual Kurta,2
JNE3801-KR-M,SET350-KR-NP-XL,Cotton Kurta,Casual Set,2
JNE3801-KR-XL,JNE3797-KR-L,Casual Kurta,Evening Dress,2
JNE3801-KR-XL,JNE3798-KR-L,Casual Kurta,Cocktail Dress,2
JNE3801-KR-XS,JNE3797-KR-XS,Cotton Kurta,Summer Dress,2
JNE3801-KR-XXL,JNE3797-KR-XXXL,Casual Kurta,Cocktail Dress,2
JNE3801-KR-XXL,JNE3799-KR-XXL,Casual Kurta,Stylish Kurta,2
JNE3801-KR-XXL,JNE3800-KR-XXL,Casual Kurta,Casual Dress,2
JNE3801-KR-XXL,JNE3801-KR-M,Casual Kurta,Cotton Kurta,2
JNE3801-KR-XXL,SET304-KR-DPT-XXL,Casual Kurta,Elegant Set,2
JNE3801-KR-XXL,SET350-KR-NP-XL,Casual Kurta,Casual Set,2
JNE3801-KR-XXXL,JNE3798-KR-XXXL,Casual Kurta,Cocktail Dress,2
JNE3801-KR-XXXL,JNE3861-DR-XXXL,Casual Kurta,Casual Dress,2
JNE3801-KR-XXXL,JNE3869-DR-XXXL,Casual Kurta,Summer Dress,2
JNE3804-KR-M,JNE3805-KR-M,Casual Kurta,Casual Kurta,2
JNE3805-KR-M,JNE3567-KR-M,Casual Kurta,Designer Kurta,2
JNE3805-KR-M,JNE3804-KR-M,Casual Kurta,Casual Kurta,2
JNE3805-KR-M,JNE3805-KR-S,Casual Kurta,Cotton Kurta,2
JNE3805-KR-S,JNE3805-KR-M,Cotton Kurta,Casual Kurta,2
JNE3805-KR-XXXL,SET233-KR-PP-XXXL,Designer Kurta,Elegant Set,2
JNE3805-KR-XXXL,SET288-KR-NP-XXXL,Designer Kurta,Designer Set,2
JNE3818-KR-XXXL,JNE3822-KR-XXXL,Stylish Kurta,Stylish Kurta,2
JNE3822-KR-XXL,JNE3634-KR-XXL,Stylish Kurta,Stylish Kurta,2
JNE3822-KR-XXXL,JNE3818-KR-XXXL,Stylish Kurta,Stylish Kurta,2
JNE3837-KR-XXL,JNE3784-KR-XXL,Designer Kurta,Cotton Kurta,2
JNE3838-KR-XXL,JNE3722-KR-XL,Designer Kurta,Casual Kurta,2
JNE3856-KR-XXXL,JNE3797-KR-XXXL,Designer Kurta,Cocktail Dress,2
JNE3860-DR-XL,J0301-TP-XL,Cocktail Dress,Summer Top,2
JNE3860-DR-XL,JNE3712-TP-N-XL,Cocktail Dress,Summer Top,2
JNE3861-DR-XS,J0341-DR-XS,Cocktail Dress,Casual Dress,2
JNE3861-DR-XXL,J0396-DR-XXL,Summer Dress,Summer Dress,2
JNE3861-DR-XXXL,JNE3801-KR-XXXL,Casual Dress,Casual Kurta,2
JNE3869-DR-S,JNE3870-DR-M,Casual Dress,Summer Dress,2
JNE3869-DR-XXXL,JNE3801-KR-XXXL,Summer Dress,Casual Kurta,2
JNE3870-DR-M,JNE3869-DR-S,Summer Dress,Casual Dress,2
JNE3870-DR-S,J0341-DR-S,Casual Dress,Casual Dress,2
JNE3878-KR-XXXL,JNE3376-KR-XXXL,Designer Kurta,Casual Kurta,2
JNE3878-KR-XXXL,JNE3425-KR-XXXL,Designer Kurta,Cotton Kurta,2
JNE3878-KR-XXXL,JNE3431-KR-XXXL,Designer Kurta,Casual Kurta,2
JNE3878-KR-XXXL,JNE3463-KR-XXXL,Designer Kurta,Designer Kurta,2
JNE3878-KR-XXXL,JNE3468-KR-XXXL,Designer Kurta,Designer Kurta,2
JNE3878-KR-XXXL,JNE3634-KR-XXXL,Designer Kurta,Cotton Kurta,2
JNE3885-KR-XXXL,JNE3888-KR-XXXL,Stylish Kurta,Casual Kurta,2
JNE3888-KR-XXXL,JNE3885-KR-XXXL,Casual Kurta,Stylish Kurta,2
JNE3899-KR-A-M,JNE3908-KR-M,Casual Kurta,Designer Kurta,2
JNE3904-DR-M,JNE3905-DR-M,Summer Dress,Cocktail Dress,2
JNE3905-DR-L,JNE3707-DR-L,Summer Dress,Cocktail Dress,2
JNE3905-DR-M,JNE3904-DR-M,Cocktail Dress,Summer Dress,2
JNE3908-KR-M,JNE3899-KR-A-M,Designer Kurta,Casual Kurta,2
MEN5001-KR-M,MEN5022-KR-M,Cotton Kurta,Designer Kurta,2
MEN5002-KR-M,J0308-DR-M,Casual Kurta,Evening Dress,2
MEN5003-KR-L,MEN5011-KR-L,Stylish Kurta,Stylish Kurta,2
MEN5003-KR-XL,MEN5028-KR-XL,Stylish Kurta,Stylish Kurta,2
MEN5004-KR-S,MEN5008-KR-XL,Casual Kurta,Casual Kurta,2
MEN5004-KR-S,MEN5024-KR-S,Casual Kurta,Stylish Kurta,2
MEN5004-KR-XXXL,MEN5005-KR-XXXL,Casual Kurta,Casual Kurta,2
MEN5004-KR-XXXL,MEN5009-KR-XXXL,Casual Kurta,Designer Kurta,2
MEN5005-KR-XXL,MEN5009-KR-XXL,Designer Kurta,Designer Kurta,2
MEN5005-KR-XXXL,MEN5004-KR-XXXL,Casual Kurta,Casual Kurta,2
MEN5006-KR-L,MEN5008-KR-L,Designer Kurta,Cotton Kurta,2
MEN5006-KR-L,MEN5013-KR-L,Designer Kurta,Designer Kurta,2
MEN5006-KR-M,MEN5007-KR-M,Stylish Kurta,Cotton Kurta,2
MEN5007-KR-M,MEN5006-KR-M,Cotton Kurta,Stylish Kurta,2
MEN5008-KR-L,MEN5006-KR-L,Cotton Kurta,Designer Kurta,2
MEN5008-KR-XL,MEN5004-KR-S,Casual Kurta,Casual Kurta,2
MEN5008-KR-XL,MEN5024-KR-S,Casual Kurta,Stylish Kurta,2
MEN5008-KR-XL,MEN5027-KR-XL,Casual Kurta,Cotton Kurta,2
MEN5009-KR-XL,MEN5011-KR-XL,Casual Kurta,Casual Kurta,2
MEN5009-KR-XXL,MEN5005-KR-XXL,Designer Kurta,Designer Kurta,2
MEN5009-KR-XXL,MEN5022-KR-XXL,Designer Kurta,Cotton Kurta,2
MEN5009-KR-XXXL,MEN5004-KR-XXXL,Designer Kurta,Casual Kurta,2
MEN5010-KR-XXXL,MEN5025-KR-XXXL,Designer Kurta,Casual Kurta,2
MEN5011-KR-L,MEN5003-KR-L,Stylish Kurta,Stylish Kurta,2
MEN5011-KR-XL,MEN5009-KR-XL,Casual Kurta,Casual Kurta,2
MEN5011-KR-XL,MEN5015-KR-XL,Casual Kurta,Casual Kurta,2
MEN5013-KR-L,MEN5006-KR-L,Designer Kurta,Designer Kurta,2
MEN5013-KR-L,MEN5021-KR-L,Designer Kurta,Designer Kurta,2
MEN5013-KR-M,MEN5023-KR-M,Stylish Kurta,Designer Kurta,2
MEN5015-KR-XL,MEN5011-KR-XL,Casual Kurta,Casual Kurta,2
MEN5020-KR-XXXL,MEN5028-KR-XXXL,Designer Kurta,Cotton Kurta,2
MEN5021-KR-L,MEN5013-KR-L,Designer Kurta,Designer Kurta,2
MEN5021-KR-M,MEN5026-KR-M,Designer Kurta,Casual Kurta,2
MEN5021-KR-XL,MEN5022-KR-XXL,Stylish Kurta,Cotton Kurta,2
MEN5021-KR-XXL,MEN5024-KR-XXL,Stylish Kurta,Designer Kurta,2
MEN5022-KR-M,MEN5001-KR-M,Designer Kurta,Cotton Kurta,2
MEN5022-KR-M,MEN5023-KR-M,Designer Kurta,Designer Kurta,2
MEN5022-KR-XXL,MEN5009-KR-XXL,Cotton Kurta,Designer Kurta,2
MEN5022-KR-XXL,MEN5021-KR-XL,Cotton Kurta,Stylish Kurta,2
MEN5022-KR-XXXL,MEN5031-KR-XXXL,Cotton Kurta,Stylish Kurta,2
MEN5023-KR-M,JNE3766-KR-XXXL,Designer Kurta,Designer Kurta,2
MEN5023-KR-M,MEN5013-KR-M,Designer Kurta,Stylish Kurta,2
MEN5023-KR-M,MEN5022-KR-M,Designer Kurta,Designer Kurta,2
MEN5024-KR-S,MEN5004-KR-S,Stylish Kurta,Casual Kurta,2
MEN5024-KR-S,MEN5008-KR-XL,Stylish Kurta,Casual Kurta,2
MEN5024-KR-XXL,MEN5021-KR-XXL,Designer Kurta,Stylish Kurta,2
MEN5024-KR-XXL,MEN5032-KR-XXL,Designer Kurta,Cotton Kurta,2
MEN5025-KR-XXXL,MEN5010-KR-XXXL,Casual Kurta,Designer Kurta,2
MEN5026-KR-M,MEN5021-KR-M,Casual Kurta,Designer Kurta,2
MEN5027-KR-L,MEN5028-KR-L,Casual Kurta,Casual Kurta,2
MEN5027-KR-XL,MEN5008-KR-XL,Cotton Kurta,Casual Kurta,2
MEN5028-KR-L,MEN5027-KR-L,Casual Kurta,Casual Kurta,2
MEN5028-KR-XL,MEN5003-KR-XL,Stylish Kurta,Stylish Kurta,2
MEN5028-KR-XXXL,MEN5020-KR-XXXL,Cotton Kurta,Designer Kurta,2
MEN5031-KR-XXXL,MEN5022-KR-XXXL,Stylish Kurta,Cotton Kurta,2
MEN5032-KR-XXL,MEN5024-KR-XXL,Cotton Kurta,Designer Kurta,2
NW012-TP-PJ-M,NW031-TP-PJ-M,Casual Set,Elegant Set,2
NW012-TP-PJ-XL,NW015-TP-PJ-XL,Designer Set,Formal Set,2
NW012-TP-PJ-XXL,NW022-TP-PJ-XXL,Formal Set,Casual Set,2
NW015-TP-PJ-XL,NW012-TP-PJ-XL,Formal Set,Designer Set,2
NW015-TP-PJ-XXL,NW022-TP-PJ-XXL,Elegant Set,Casual Set,2
NW020-ST-SR-XXL,NW036-ST-SR-XXL,Elegant Set,Elegant Set,2
NW022-TP-PJ-XXL,NW012-TP-PJ-XXL,Casual Set,Formal Set,2
NW022-TP-PJ-XXL,NW015-TP-PJ-XXL,Casual Set,Elegant Set,2
NW024-TP-PJ-XXXL,NW034-TP-PJ-XXXL,Elegant Set,Elegant Set,2
NW031-TP-PJ-M,NW012-TP-PJ-M,Elegant Set,Casual Set,2
NW031-TP-PJ-XXXL,NW034-TP-PJ-XXXL,Formal Set,Elegant Set,2
NW034-TP-PJ-XXXL,NW024-TP-PJ-XXXL,Elegant Set,Elegant Set,2
NW034-TP-PJ-XXXL,NW031-TP-PJ-XXXL,Elegant Set,Formal Set,2
NW036-ST-SR-XXL,NW020-ST-SR-XXL,Elegant Set,Elegant Set,2
PJNE1906-KR-N-5XL,PJNE3399-KR-N-5XL,Stylish Kurta,Cotton Kurta,2
PJNE2100-KR-N-5XL,PJNE3373-KR-N-6XL,Designer Kurta,Cotton Kurta,2
PJNE2100-KR-N-6XL,PJNE3399-KR-N-6XL,Stylish Kurta,Casual Kurta,2
PJNE2199-KR-N-4XL,PJNE3291-KR-4XL,Casual Kurta,Designer Kurta,2
PJNE2199-KR-N-4XL,PJNE3368-KR-4XL,Casual Kurta,Casual Kurta,2
PJNE2199-KR-N-6XL,PJNE3291-KR-6XL,Casual Kurta,Stylish Kurta,2
PJNE2199-KR-N-6XL,PJNE3373-KR-N-6XL,Casual Kurta,Cotton Kurta,2
PJNE3252-KR-N-4XL,PJNE3373-KR-N-4XL,Casual Kurta,Cotton Kurta,2
PJNE3252-KR-N-4XL,PJNE3399-KR-N-4XL,Casual Kurta,Casual Kurta,2
PJNE3252-KR-N-5XL,PJNE3568-KR-N-5XL,Stylish Kurta,Stylish Kurta,2
PJNE3252-KR-N-6XL,PJNE3368-KR-6XL,Casual Kurta,Cotton Kurta,2
PJNE3291-KR-4XL,PJNE2199-KR-N-4XL,Designer Kurta,Casual Kurta,2
PJNE3291-KR-6XL,PJNE2199-KR-N-6XL,Stylish Kurta,Casual Kurta,2
PJNE3363-KR-N-5XL,JNE3721-KR-XXL,Stylish Kurta,Cotton Kurta,2
PJNE3368-KR-4XL,PJNE2199-KR-N-4XL,Casual Kurta,Casual Kurta,2
PJNE3368-KR-6XL,PJNE3252-KR-N-6XL,Cotton Kurta,Casual Kurta,2
PJNE3373-KR-N-4XL,PJNE3252-KR-N-4XL,Cotton Kurta,Casual Kurta,2
PJNE3373-KR-N-6XL,PJNE2100-KR-N-5XL,Cotton Kurta,Designer Kurta,2
PJNE3373-KR-N-6XL,PJNE2199-KR-N-6XL,Cotton Kurta,Casual Kurta,2
PJNE3399-KR-N-4XL,PJNE3252-KR-N-4XL,Casual Kurta,Casual Kurta,2
PJNE3399-KR-N-5XL,PJNE1906-KR-N-5XL,Cotton Kurta,Stylish Kurta,2
PJNE3399-KR-N-6XL,PJNE2100-KR-N-6XL,Casual Kurta,Stylish Kurta,2
PJNE3404-KR-N-6XL,PJNE3440-KR-N-6XL,Casual Kurta,Designer Kurta,2
PJNE3440-KR-N-6XL,PJNE3404-KR-N-6XL,Designer Kurta,Casual Kurta,2
PJNE3568-KR-N-5XL,PJNE3252-KR-N-5XL,Stylish Kurta,Stylish Kurta,2
SET048-KR-NP-M,SET324-KR-NP-M,Formal Set,Designer Set,2
SET048-KR-NP-XS,SET286-KR-NP-XS,Elegant Set,Casual Set,2
SET058-KR-NP-L,JNE3368-KR-L,Elegant Set,Cotton Kurta,2
SET058-KR-NP-XXXL,JNE3616-KR-XXXL,Elegant Set,Stylish Kurta,2
SET110-KR-PP-M,SET110-KR-PP-S,Designer Set,Elegant Set,2
SET110-KR-PP-S,SET110-KR-PP-M,Elegant Set,Designer Set,2
SET110-KR-PP-S,SET110-KR-PP-XS,Elegant Set,Elegant Set,2
SET110-KR-PP-S,SET252-KR-PP-S,Elegant Set,Designer Set,2
SET110-KR-PP-XS,SET110-KR-PP-S,Elegant Set,Elegant Set,2
SET116-KR-NP-M,SET281-KR-PP-M,Elegant Set,Formal Set,2
SET130-KR-NP-XS,JNE3412-KR-XS,Formal Set,Designer Kurta,2
SET144-KR-NP-M,JNE3546-KR-M,Designer Set,Stylish Kurta,2
SET144-KR-NP-XS,SET145-KR-NP-XS,Designer Set,Formal Set,2
SET145-KR-NP-XS,SET144-KR-NP-XS,Formal Set,Designer Set,2
SET156-KR-NP-M,JNE3564-KR-M,Elegant Set,Designer Kurta,2
SET171-KR-NP-XL,SET295-KR-NP-XL,Designer Set,Casual Set,2
SET172-KR-PP-B-M,JNE3368-KR-XS,Elegant Set,Designer Kurta,2
SET179-KR-PP-XS,SET233-KR-PP-XS,Elegant Set,Casual Set,2
SET182-KR-DH-S,J0003-SET-S,Casual Set,Formal Set,2
SET182-KR-DH-XS,J0285-SKD-XS,Elegant Set,Casual Set,2
SET184-KR-PP-M,J0008-SKD-M,Formal Set,Casual Set,2
SET184-KR-PP-M,J0278-SET-M,Formal Set,Casual Set,2
SET184-KR-PP-M,JNE3465-KR-M,Formal Set,Stylish Kurta,2
SET184-KR-PP-M,JNE3518-KR-M,Formal Set,Casual Kurta,2
SET184-KR-PP-S,SET197-KR-NP-S,Casual Set,Designer Set,2
SET185-KR-NP-M,JNE3568-KR-M,Formal Set,Casual Kurta,2
SET197-KR-NP-L,J0097-KR-L,Casual Set,Designer Kurta,2
SET197-KR-NP-L,SET197-KR-NP-M,Casual Set,Designer Set,2
SET197-KR-NP-L,SET197-KR-NP-XL,Casual Set,Casual Set,2
SET197-KR-NP-L,SET269-KR-NP-L,Casual Set,Formal Set,2
SET197-KR-NP-L,SET287-KR-NP-L,Casual Set,Casual Set,2
SET197-KR-NP-L,SET291-KR-PP-L,Casual Set,Formal Set,2
SET197-KR-NP-M,SET197-KR-NP-L,Designer Set,Casual Set,2
SET197-KR-NP-S,SET184-KR-PP-S,Designer Set,Casual Set,2
SET197-KR-NP-XL,SET197-KR-NP-L,Casual Set,Casual Set,2
SET197-KR-NP-XXL,JNE3468-KR-XXL,Elegant Set,Designer Kurta,2
SET197-KR-NP-XXL,SET253-KR-NP-XXL,Elegant Set,Designer Set,2
SET203-KR-DPT-L,SET269-KR-NP-L,Elegant Set,Formal Set,2
SET203-KR-DPT-XXXL,SET205-KR-DPT-A-XXXL,Designer Set,Elegant Set,2
SET204-KR-DPT-XS,J0002-SKD-XS,Elegant Set,Formal Set,2
SET204-KR-DPT-XS,J0129-SET-S,Elegant Set,Designer Set,2
SET205-KR-DPT-A-XXXL,SET203-KR-DPT-XXXL,Elegant Set,Designer Set,2
SET220-KR-PP-XS,SET394-KR-NP-XS,Formal Set,Designer Set,2
SET220-KR-PP-XXXL,SET288-KR-NP-XXXL,Designer Set,Designer Set,2
SET225-KR-NP-XXXL,SET289-KR-NP-XXXL,Elegant Set,Formal Set,2
SET227-KR-PP-A-XL,JNE3368-KR-XXXL,Casual Set,Designer Kurta,2
SET230-KR-PP-XS,SET342-KR-NP-N-XS,Casual Set,Elegant Set,2
SET232-KR-PP-L,SET233-KR-PP-L,Designer Set,Designer Set,2
SET233-KR-PP-L,SET232-KR-PP-L,Designer Set,Designer Set,2
SET233-KR-PP-S,SET288-KR-NP-S,Designer Set,Elegant Set,2
SET233-KR-PP-XS,SET179-KR-PP-XS,Casual Set,Elegant Set,2
SET233-KR-PP-XXL,SET277-KR-NP-XXL,Casual Set,Elegant Set,2
SET233-KR-PP-XXL,SET288-KR-NP-XXL,Casual Set,Elegant Set,2
SET233-KR-PP-XXXL,JNE3805-KR-XXXL,Elegant Set,Designer Kurta,2
SET233-KR-PP-XXXL,SET288-KR-NP-XXXL,Elegant Set,Designer Set,2
SET247-KR-SHA-M,SET250-KR-SHA-M,Elegant Set,Designer Set,2
SET250-KR-SHA-M,SET247-KR-SHA-M,Designer Set,Elegant Set,2
SET250-KR-SHA-M,SET250-KR-SHA-S,Designer Set,Elegant Set,2
SET250-KR-SHA-S,SET250-KR-SHA-M,Elegant Set,Designer Set,2
SET252-KR-PP-S,SET110-KR-PP-S,Designer Set,Elegant Set,2
SET253-KR-NP-XXL,SET197-KR-NP-XXL,Designer Set,Elegant Set,2
SET257-KR-PP-S,SET291-KR-PP-S,Casual Set,Designer Set,2
SET263-KR-NP-XS,JNE3440-KR-N-XS,Casual Set,Casual Kurta,2
SET264-KR-NP-XL,SET319-KR-NP-XL,Designer Set,Elegant Set,2
SET264-KR-NP-XXL,SET268-KR-NP-XXL,Elegant Set,Designer Set,2
SET266-KR-NP-XXXL,SET339-KR-NP-XXXL,Elegant Set,Formal Set,2
SET268-KR-NP-L,JNE1408-KR-UDF19-A-M,Elegant Set,Cotton Kurta,2
SET268-KR-NP-L,JNE3160-KR-M,Elegant Set,Casual Kurta,2
SET268-KR-NP-L,JNE3568-KR-L,Elegant Set,Casual Kurta,2
SET268-KR-NP-L,JNE3739-KR-L,Elegant Set,Cotton Kurta,2
SET268-KR-NP-L,SET268-KR-NP-XL,Elegant Set,Elegant Set,2
SET268-KR-NP-S,J0003-SET-S,Elegant Set,Formal Set,2
SET268-KR-NP-S,SET345-KR-NP-S,Elegant Set,Designer Set,2
SET268-KR-NP-XL,SET268-KR-NP-L,Elegant Set,Elegant Set,2
SET268-KR-NP-XXL,J0278-SET-XXL,Designer Set,Casual Set,2
SET268-KR-NP-XXL,JNE3435-KR-S,Designer Set,Designer Kurta,2
SET268-KR-NP-XXL,SET264-KR-NP-XXL,Designer Set,Elegant Set,2
SET269-KR-NP-L,SET197-KR-NP-L,Formal Set,Casual Set,2
SET269-KR-NP-L,SET203-KR-DPT-L,Formal Set,Elegant Set,2
SET273-KR-NP-S,JNE3373-KR-S,Elegant Set,Stylish Kurta,2
SET275-KR-NP-XS,SET331-KR-NP-S,Designer Set,Elegant Set,2
SET277-KR-NP-XXL,SET233-KR-PP-XXL,Elegant Set,Casual Set,2
SET278-KR-NP-XL,J0230-SKD-XL,Formal Set,Casual Set,2
SET279-LC-M,SET396-KR-PP-L,Elegant Set,Designer Set,2
SET279-LC-XS,JNE3311-KR-S,Elegant Set,Designer Kurta,2
SET279-LC-XS,JNE3311-KR-XS,Elegant Set,Cotton Kurta,2
SET281-KR-PP-M,SET116-KR-NP-M,Formal Set,Elegant Set,2
SET281-KR-PP-XL,JNE3440-KR-N-XL,Designer Set,Designer Kurta,2
SET281-KR-PP-XL,JNE3443-KR-XL,Designer Set,Designer Kurta,2
SET281-KR-PP-XL,JNE3697-KR-XL,Designer Set,Casual Kurta,2
SET286-KR-NP-L,JNE3714-KR-L,Formal Set,Cotton Kurta,2
SET286-KR-NP-M,SET287-KR-NP-M,Casual Set,Casual Set,2
SET286-KR-NP-M,SET291-KR-PP-M,Casual Set,Formal Set,2
SET286-KR-NP-S,JNE3757-KR-S,Formal Set,Designer Kurta,2
SET286-KR-NP-S,SET331-KR-NP-S,Formal Set,Elegant Set,2
SET286-KR-NP-XS,JNE3440-KR-N-XS,Casual Set,Casual Kurta,2
SET286-KR-NP-XS,SET048-KR-NP-XS,Casual Set,Elegant Set,2
SET287-KR-NP-L,SET197-KR-NP-L,Casual Set,Casual Set,2
SET287-KR-NP-M,SET286-KR-NP-M,Casual Set,Casual Set,2
SET288-KR-NP-M,SET401-KR-NP-M,Formal Set,Formal Set,2
SET288-KR-NP-S,SET233-KR-PP-S,Elegant Set,Designer Set,2
SET288-KR-NP-XL,SET400-KR-NP-XL,Designer Set,Designer Set,2
SET288-KR-NP-XXL,SET233-KR-PP-XXL,Elegant Set,Casual Set,2
SET288-KR-NP-XXL,SET288-KR-NP-XXXL,Elegant Set,Designer Set,2
SET288-KR-NP-XXXL,J0150-KR-XXXL,Designer Set,Cotton Kurta,2
SET288-KR-NP-XXXL,JNE3628-KR-XXXL,Designer Set,Cotton Kurta,2
SET288-KR-NP-XXXL,JNE3805-KR-XXXL,Designer Set,Designer Kurta,2
SET288-KR-NP-XXXL,SET220-KR-PP-XXXL,Designer Set,Designer Set,2
SET288-KR-NP-XXXL,SET233-KR-PP-XXXL,Designer Set,Elegant Set,2
SET288-KR-NP-XXXL,SET288-KR-NP-XXL,Designer Set,Elegant Set,2
SET288-KR-NP-XXXL,SET397-KR-NP-XXXL,Designer Set,Designer Set,2
SET289-KR-NP-XXXL,SET225-KR-NP-XXXL,Formal Set,Elegant Set,2
SET291-KR-PP-L,SET197-KR-NP-L,Formal Set,Casual Set,2
SET291-KR-PP-L,SET324-KR-NP-M,Formal Set,Designer Set,2
SET291-KR-PP-M,SET286-KR-NP-M,Formal Set,Casual Set,2
SET291-KR-PP-M,SET324-KR-NP-M,Formal Set,Designer Set,2
SET291-KR-PP-S,SET257-KR-PP-S,Designer Set,Casual Set,2
SET291-KR-PP-XXL,JNE3703-KR-XXL,Elegant Set,Designer Kurta,2
SET291-KR-PP-XXXL,JNE3703-KR-XXL,Casual Set,Designer Kurta,2
SET293-KR-NP-L,SET345-KR-NP-XL,Casual Set,Casual Set,2
SET295-KR-NP-XL,SET171-KR-NP-XL,Casual Set,Designer Set,2
SET295-KR-NP-XS,SET405-KR-NP-XS,Designer Set,Elegant Set,2
SET302-KR-PP-S,SET306-KR-PP-M,Casual Set,Casual Set,2
SET304-KR-DPT-L,J0005-DR-L,Designer Set,Cocktail Dress,2
SET304-KR-DPT-S,SET321-KR-DPT-M,Designer Set,Elegant Set,2
SET304-KR-DPT-XS,J0230-SKD-XS,Elegant Set,Elegant Set,2
SET304-KR-DPT-XXL,JNE3801-KR-XXL,Elegant Set,Casual Kurta,2
SET305-KR-DPT-M,SET345-KR-NP-M,Casual Set,Elegant Set,2
SET305-KR-DPT-XXXL,J0349-SET-XXXL,Designer Set,Formal Set,2
SET306-KR-PP-M,SET302-KR-PP-S,Casual Set,Casual Set,2
SET306-KR-PP-XS,SET308-KR-PP-XS,Formal Set,Formal Set,2
SET308-KR-PP-XS,SET306-KR-PP-XS,Formal Set,Formal Set,2
SET310-KR-NP-L,SET402-KR-NP-L,Formal Set,Formal Set,2
SET310-KR-NP-M,SET402-KR-NP-M,Casual Set,Casual Set,2
SET317-KR-PP-XXL,SET355-KR-PP-XXL,Designer Set,Casual Set,2
SET318-KR-SHA-M,J0236-SKD-M,Designer Set,Casual Set,2
SET319-KR-NP-XL,SET264-KR-NP-XL,Elegant Set,Designer Set,2
SET320-KR-NP-S,SET345-KR-NP-S,Formal Set,Designer Set,2
SET320-KR-NP-XXXL,SET324-KR-NP-XXXL,Formal Set,Elegant Set,2
SET320-KR-NP-XXXL,SET345-KR-NP-XXL,Formal Set,Elegant Set,2
SET321-KR-DPT-M,SET304-KR-DPT-S,Elegant Set,Designer Set,2
SET322-KR-SHA-M,J0236-SKD-M,Casual Set,Casual Set,2
SET324-KR-NP-L,J0003-SET-L,Designer Set,Designer Set,2
SET324-KR-NP-L,JNE3368-KR-L,Designer Set,Cotton Kurta,2
SET324-KR-NP-L,SET331-KR-NP-L,Designer Set,Elegant Set,2
SET324-KR-NP-M,J0003-SET-S,Designer Set,Formal Set,2
SET324-KR-NP-M,JNE3567-KR-M,Designer Set,Designer Kurta,2
SET324-KR-NP-M,SET048-KR-NP-M,Designer Set,Formal Set,2
SET324-KR-NP-M,SET291-KR-PP-L,Designer Set,Formal Set,2
SET324-KR-NP-M,SET291-KR-PP-M,Designer Set,Formal Set,2
SET324-KR-NP-M,SET357-KR-NP-M,Designer Set,Elegant Set,2
SET324-KR-NP-S,J0002-SKD-S,Casual Set,Formal Set,2
SET324-KR-NP-S,J0003-SET-S,Casual Set,Formal Set,2
SET324-KR-NP-S,JNE3697-KR-S,Casual Set,Casual Kurta,2
SET324-KR-NP-XS,SET374-KR-NP-XS,Formal Set,Formal Set,2
SET324-KR-NP-XXL,J0226-SKD-XXL,Designer Set,Designer Set,2
SET324-KR-NP-XXL,SET331-KR-NP-XXL,Designer Set,Designer Set,2
SET324-KR-NP-XXL,SET374-KR-NP-XXL,Designer Set,Elegant Set,2
SET324-KR-NP-XXXL,SET320-KR-NP-XXXL,Elegant Set,Formal Set,2
SET324-KR-NP-XXXL,SET331-KR-NP-XXXL,Elegant Set,Elegant Set,2
SET327-KR-DPT-XXXL,JNE3800-KR-A-XXXL,Formal Set,Casual Dress,2
SET328-KR-NP-M,SET345-KR-NP-M,Elegant Set,Elegant Set,2
SET328-KR-NP-XXL,SET339-KR-NP-XXL,Casual Set,Designer Set,2
SET328-KR-NP-XXXL,JNE3638-KR-XXXL,Designer Set,Cotton Kurta,2
SET328-KR-NP-XXXL,SET374-KR-NP-XXXL,Designer Set,Formal Set,2
SET331-KR-NP-L,SET324-KR-NP-L,Elegant Set,Designer Set,2
SET331-KR-NP-S,SET275-KR-NP-XS,Elegant Set,Designer Set,2
SET331-KR-NP-S,SET286-KR-NP-S,Elegant Set,Formal Set,2
SET331-KR-NP-XL,JNE3504-KR-XL,Formal Set,Stylish Kurta,2
SET331-KR-NP-XL,JNE3752-KR-XXL,Formal Set,Casual Kurta,2
SET331-KR-NP-XL,JNE3796-KR-XXL,Formal Set,Designer Kurta,2
SET331-KR-NP-XL,JNE3800-KR-L,Formal Set,Evening Dress,2
SET331-KR-NP-XL,SET405-KR-NP-XL,Formal Set,Designer Set,2
SET331-KR-NP-XL,SET433-KR-NP-XL,Formal Set,Formal Set,2
SET331-KR-NP-XS,SET374-KR-NP-XS,Formal Set,Formal Set,2
SET331-KR-NP-XXL,SET324-KR-NP-XXL,Designer Set,Designer Set,2
SET331-KR-NP-XXL,SET339-KR-NP-XXL,Designer Set,Designer Set,2
SET331-KR-NP-XXXL,JNE3468-KR-XXXL,Elegant Set,Designer Kurta,2
SET331-KR-NP-XXXL,SET324-KR-NP-XXXL,Elegant Set,Elegant Set,2
SET331-KR-NP-XXXL,SET339-KR-NP-XXXL,Elegant Set,Formal Set,2
SET331-KR-NP-XXXL,SET408-KR-NP-XXXL,Elegant Set,Casual Set,2
SET332-KR-PP-S,J0003-SET-S,Formal Set,Formal Set,2
SET332-KR-PP-XXXL,JNE3782-KR-XXXL,Elegant Set,Stylish Kurta,2
SET332-KR-PP-XXXL,SET385-KR-NP-XXXL,Elegant Set,Formal Set,2
SET339-KR-NP-XXL,SET328-KR-NP-XXL,Designer Set,Casual Set,2
SET339-KR-NP-XXL,SET331-KR-NP-XXL,Designer Set,Designer Set,2
SET339-KR-NP-XXXL,SET266-KR-NP-XXXL,Formal Set,Elegant Set,2
SET339-KR-NP-XXXL,SET331-KR-NP-XXXL,Formal Set,Elegant Set,2
SET339-KR-NP-XXXL,SET374-KR-NP-XXXL,Formal Set,Formal Set,2
SET340-KR-NP-L,SET392-KR-NP-L,Casual Set,Designer Set,2
SET342-KR-NP-N-XS,SET230-KR-PP-XS,Elegant Set,Casual Set,2
SET344-KR-NP-S,SET364-KR-NP-S,Designer Set,Formal Set,2
SET344-KR-NP-XXL,SET363-KR-NP-XXL,Formal Set,Casual Set,2
SET344-KR-NP-XXL,SET364-KR-NP-XXL,Formal Set,Elegant Set,2
SET344-KR-NP-XXXL,SET363-KR-NP-XXXL,Casual Set,Designer Set,2
SET345-KR-NP-M,JNE3399-KR-M,Elegant Set,Stylish Kurta,2
SET345-KR-NP-M,SET305-KR-DPT-M,Elegant Set,Casual Set,2
SET345-KR-NP-M,SET328-KR-NP-M,Elegant Set,Elegant Set,2
SET345-KR-NP-M,SET374-KR-NP-M,Elegant Set,Formal Set,2
SET345-KR-NP-S,J0003-SET-S,Designer Set,Formal Set,2
SET345-KR-NP-S,SET268-KR-NP-S,Designer Set,Elegant Set,2
SET345-KR-NP-S,SET320-KR-NP-S,Designer Set,Formal Set,2
SET345-KR-NP-XL,SET293-KR-NP-L,Casual Set,Casual Set,2
SET345-KR-NP-XS,SET374-KR-NP-XS,Casual Set,Formal Set,2
SET345-KR-NP-XXL,JNE3510-KR-XXL,Elegant Set,Casual Kurta,2
SET345-KR-NP-XXL,SET320-KR-NP-XXXL,Elegant Set,Formal Set,2
SET347-KR-NP-XL,SET389-KR-NP-XL,Designer Set,Formal Set,2
SET348-KR-NP-S,J0280-SKD-S,Casual Set,Casual Set,2
SET348-KR-NP-S,SET358-KR-NP-S,Casual Set,Elegant Set,2
SET349-KR-NP-S,SET364-KR-NP-S,Formal Set,Formal Set,2
SET349-KR-NP-XL,SET393-KR-NP-XL,Formal Set,Designer Set,2
SET349-KR-NP-XS,J0343-DR-XS,Designer Set,Casual Dress,2
SET349-KR-NP-XXXL,SET393-KR-NP-XXXL,Elegant Set,Elegant Set,2
SET350-KR-NP-XL,JNE3801-KR-M,Casual Set,Cotton Kurta,2
SET350-KR-NP-XL,JNE3801-KR-XXL,Casual Set,Casual Kurta,2
SET355-KR-PP-XS,SET394-KR-NP-XS,Casual Set,Designer Set,2
SET355-KR-PP-XXL,SET317-KR-PP-XXL,Casual Set,Designer Set,2
SET356-KR-NP-S,SET364-KR-NP-S,Formal Set,Formal Set,2
SET357-KR-NP-M,SET324-KR-NP-M,Elegant Set,Designer Set,2
SET357-KR-NP-XL,SET400-KR-NP-L,Designer Set,Designer Set,2
SET358-KR-NP-S,SET348-KR-NP-S,Elegant Set,Casual Set,2
SET360-KR-NP-XL,SET398-KR-PP-XL,Designer Set,Formal Set,2
SET360-KR-NP-XXL,SET369-KR-NP-XXL,Designer Set,Elegant Set,2
SET363-KR-NP-XXL,SET344-KR-NP-XXL,Casual Set,Formal Set,2
SET363-KR-NP-XXXL,SET344-KR-NP-XXXL,Designer Set,Casual Set,2
SET364-KR-NP-S,SET344-KR-NP-S,Formal Set,Designer Set,2
SET364-KR-NP-S,SET349-KR-NP-S,Formal Set,Formal Set,2
SET364-KR-NP-S,SET356-KR-NP-S,Formal Set,Formal Set,2
SET364-KR-NP-XXL,SET344-KR-NP-XXL,Elegant Set,Formal Set,2
SET369-KR-NP-XXL,SET360-KR-NP-XXL,Elegant Set,Designer Set,2
SET374-KR-NP-M,SET345-KR-NP-M,Formal Set,Elegant Set,2
SET374-KR-NP-XS,SET324-KR-NP-XS,Formal Set,Formal Set,2
SET374-KR-NP-XS,SET331-KR-NP-XS,Formal Set,Formal Set,2
SET374-KR-NP-XS,SET345-KR-NP-XS,Formal Set,Casual Set,2
SET374-KR-NP-XXL,SET324-KR-NP-XXL,Elegant Set,Designer Set,2
SET374-KR-NP-XXXL,J0282-SET-XXXL,Formal Set,Casual Set,2
SET374-KR-NP-XXXL,JNE3638-KR-XXXL,Formal Set,Cotton Kurta,2
SET374-KR-NP-XXXL,SET328-KR-NP-XXXL,Formal Set,Designer Set,2
SET374-KR-NP-XXXL,SET339-KR-NP-XXXL,Formal Set,Formal Set,2
SET375-KR-NP-XXXL,SET401-KR-NP-XXXL,Designer Set,Elegant Set,2
SET377-KR-NP-XL,J0139-KR-L,Designer Set,Casual Kurta,2
SET385-KR-NP-XL,SET389-KR-NP-XL,Designer Set,Formal Set,2
SET385-KR-NP-XXXL,JNE3782-KR-XXXL,Formal Set,Stylish Kurta,2
SET385-KR-NP-XXXL,SET332-KR-PP-XXXL,Formal Set,Elegant Set,2
SET389-KR-NP-XL,SET347-KR-NP-XL,Formal Set,Designer Set,2
SET389-KR-NP-XL,SET385-KR-NP-XL,Formal Set,Designer Set,2
SET392-KR-NP-L,SET340-KR-NP-L,Designer Set,Casual Set,2
SET393-KR-NP-XL,SET349-KR-NP-XL,Designer Set,Formal Set,2
SET393-KR-NP-XXXL,SET349-KR-NP-XXXL,Elegant Set,Elegant Set,2
SET393-KR-NP-XXXL,SET397-KR-NP-XXXL,Elegant Set,Designer Set,2
SET393-KR-NP-XXXL,SET402-KR-NP-XXXL,Elegant Set,Elegant Set,2
SET394-KR-NP-XS,SET220-KR-PP-XS,Designer Set,Formal Set,2
SET394-KR-NP-XS,SET355-KR-PP-XS,Designer Set,Casual Set,2
SET396-KR-PP-L,SET279-LC-M,Designer Set,Elegant Set,2
SET397-KR-NP-S,SET398-KR-PP-S,Elegant Set,Casual Set,2
SET397-KR-NP-XXXL,SET288-KR-NP-XXXL,Designer Set,Designer Set,2
SET397-KR-NP-XXXL,SET393-KR-NP-XXXL,Designer Set,Elegant Set,2
SET397-KR-NP  -M,JNE3543-KR-S,Elegant Set,Cotton Kurta,2
SET398-KR-PP-S,SET397-KR-NP-S,Casual Set,Elegant Set,2
SET398-KR-PP-XL,SET360-KR-NP-XL,Formal Set,Designer Set,2
SET400-KR-NP-L,SET357-KR-NP-XL,Designer Set,Designer Set,2
SET400-KR-NP-XL,SET288-KR-NP-XL,Designer Set,Designer Set,2
SET401-KR-NP-M,SET288-KR-NP-M,Formal Set,Formal Set,2
SET401-KR-NP-XXXL,SET375-KR-NP-XXXL,Elegant Set,Designer Set,2
SET402-KR-NP-L,SET310-KR-NP-L,Formal Set,Formal Set,2
SET402-KR-NP-M,SET310-KR-NP-M,Casual Set,Casual Set,2
SET402-KR-NP-XXXL,SET393-KR-NP-XXXL,Elegant Set,Elegant Set,2
SET405-KR-NP-XL,SET331-KR-NP-XL,Designer Set,Formal Set,2
SET405-KR-NP-XS,SET295-KR-NP-XS,Elegant Set,Designer Set,2
SET408-KR-NP-XXXL,SET331-KR-NP-XXXL,Casual Set,Elegant Set,2
SET414-KR-NP-XL,SET415-KR-NP-XL,Formal Set,Formal Set,2
SET415-KR-NP-XL,SET414-KR-NP-XL,Formal Set,Formal Set,2
SET433-KR-NP-XL,SET331-KR-NP-XL,Formal Set,Formal Set,2
BL107-M,J0348-SET-L,Silk Blouse,Elegant Set,2
SET444-KR-SH-XL,JNE3797-KR-XL,Formal Set,Casual Dress,2
BTM039-PP-M,BTM039-PP-XL,Shorts,Jeans,2
BTM039-PP-XL,BTM039-PP-M,Jeans,Shorts,2
CH208-MUSTARD-L,JNE3701-KR-XL,Leggings,Stylish Kurta,2
J0001-DR-S,J0004-SKD-S,Casual Ethnic Dress,Designer Set,2
J0002-SKD-S,J0002-SKD-XL,Formal Set,Casual Set,2
J0002-SKD-S,SET324-KR-NP-S,Formal Set,Casual Set,2
J0002-SKD-XL,J0002-SKD-S,Casual Set,Formal Set,2
J0002-SKD-XS,J0008-SKD-XS,Formal Set,Casual Set,2
J0002-SKD-XS,J0129-SET-S,Formal Set,Designer Set,2
J0002-SKD-XS,SET204-KR-DPT-XS,Formal Set,Elegant Set,2
J0002-SKD-XXL,J0007-SKD-XXL,Designer Set,Designer Set,2
J0002-SKD-XXXL,J0007-SKD-XXXL,Formal Set,Formal Set,2
J0003-SET-L,SET324-KR-NP-L,Designer Set,Designer Set,2
J0003-SET-M,J0003-SET-XS,Elegant Set,Formal Set,2
J0003-SET-M,JNE3787-KR-M,Elegant Set,Cotton Kurta,2
J0003-SET-S,J0003-SET-XS,Formal Set,Formal Set,2
J0003-SET-S,J0006-SET-M,Formal Set,Festival Dress,2
J0003-SET-S,SET182-KR-DH-S,Formal Set,Casual Set,2
J0003-SET-S,SET268-KR-NP-S,Formal Set,Elegant Set,2
J0003-SET-S,SET324-KR-NP-M,Formal Set,Designer Set,2
J0003-SET-S,SET324-KR-NP-S,Formal Set,Casual Set,2
J0003-SET-S,SET332-KR-PP-S,Formal Set,Formal Set,2
J0003-SET-S,SET345-KR-NP-S,Formal Set,Designer Set,2
J0003-SET-XL,J0230-SKD-XL,Designer Set,Casual Set,2
J0003-SET-XS,J0003-SET-M,Formal Set,Elegant Set,2
J0003-SET-XS,J0003-SET-S,Formal Set,Formal Set,2
J0003-SET-XXL,J0006-SET-XXL,Designer Set,Designer Ethnic Dress,2
J0003-SET-XXL,J0007-SKD-XXL,Designer Set,Designer Set,2
J0003-SET-XXL,J0009-SKD-XXL,Designer Set,Elegant Set,2
J0003-SET-XXL,J0139-KR-XXL,Designer Set,Cotton Kurta,2
J0003-SET-XXXL,J0234-SKD-XXXL,Formal Set,Designer Set,2
J0004-SKD-L,J0009-SKD-L,Designer Set,Formal Set,2
J0004-SKD-S,J0001-DR-S,Designer Set,Casual Ethnic Dress,2
J0005-DR-L,SET304-KR-DPT-L,Cocktail Dress,Designer Set,2
J0005-DR-S,JNE3739-KR-S,Casual Dress,Stylish Kurta,2
J0005-DR-XXL,J0005-DR-XXXL,Cocktail Dress,Casual Dress,2
J0005-DR-XXXL,J0005-DR-XXL,Casual Dress,Cocktail Dress,2
J0005-DR-XXXL,J0006-SET-XXXL,Casual Dress,Designer Ethnic Dress,2
J0006-SET-M,J0003-SET-S,Festival Dress,Formal Set,2
J0006-SET-M,J0009-SKD-M,Festival Dress,Designer Set,2
J0006-SET-M,J0010-LCD-M,Festival Dress,Elegant Set,2
J0006-SET-M,J0306-DR-M,Festival Dress,Summer Dress,2
J0006-SET-XXL,J0003-SET-XXL,Designer Ethnic Dress,Designer Set,2
J0006-SET-XXL,J0007-SKD-XXL,Designer Ethnic Dress,Designer Set,2
J0006-SET-XXL,J0009-SKD-XXL,Designer Ethnic Dress,Elegant Set,2
J0006-SET-XXXL,J0005-DR-XXXL,Designer Ethnic Dress,Casual Dress,2
J0006-SET-XXXL,JNE3634-KR-XXXL,Designer Ethnic Dress,Cotton Kurta,2
J0007-SKD-XXL,J0002-SKD-XXL,Designer Set,Designer Set,2
J0007-SKD-XXL,J0003-SET-XXL,Designer Set,Designer Set,2
J0007-SKD-XXL,J0006-SET-XXL,Designer Set,Designer Ethnic Dress,2
J0007-SKD-XXXL,J0002-SKD-XXXL,Formal Set,Formal Set,2
J0008-SKD-L,J0012-SKD-L,Formal Set,Elegant Set,2
J0008-SKD-L,JNE3463-KR-L,Formal Set,Stylish Kurta,2
J0008-SKD-M,J0012-SKD-M,Casual Set,Designer Set,2
J0008-SKD-M,JNE3518-KR-M,Casual Set,Casual Kurta,2
J0008-SKD-M,SET184-KR-PP-M,Casual Set,Formal Set,2
J0008-SKD-S,J0008-SKD-XS,Elegant Set,Casual Set,2
J0008-SKD-S,J0230-SKD-S,Elegant Set,Designer Set,2
J0008-SKD-S,JNE3634-KR-M,Elegant Set,Designer Kurta,2
J0008-SKD-S,JNE3634-KR-S,Elegant Set,Stylish Kurta,2
J0008-SKD-XS,J0002-SKD-XS,Casual Set,Formal Set,2
J0008-SKD-XS,J0008-SKD-S,Casual Set,Elegant Set,2
J0008-SKD-XS,J0012-SKD-XS,Casual Set,Casual Set,2
J0009-SKD-L,J0004-SKD-L,Formal Set,Designer Set,2
J0009-SKD-M,J0006-SET-M,Designer Set,Festival Dress,2
J0009-SKD-XXL,J0003-SET-XXL,Elegant Set,Designer Set,2
J0009-SKD-XXL,J0006-SET-XXL,Elegant Set,Designer Ethnic Dress,2
J0010-LCD-M,J0006-SET-M,Elegant Set,Festival Dress,2
J0010-LCD-M,J0306-DR-M,Elegant Set,Summer Dress,2
J0012-SKD-L,J0008-SKD-L,Elegant Set,Formal Set,2
J0012-SKD-M,J0008-SKD-M,Designer Set,Casual Set,2
J0012-SKD-M,J0231-SKD-M,Designer Set,Designer Set,2
J0012-SKD-M,JNE3614-KR-M,Designer Set,Stylish Kurta,2
J0012-SKD-XS,J0008-SKD-XS,Casual Set,Casual Set,2
J0012-SKD-XXXL,J0236-SKD-XXXL,Elegant Set,Designer Set,2
J0025-DR-XS,J0038-DR-XS,Evening Dress,Festival Dress,2
J0025-DR-XXXL,J0207-DR-XXXL,Cocktail Dress,Cocktail Dress,2
J0033-KR-XS,J0133-KR-XS,Casual Kurta,Designer Kurta,2
J0033-KR-XS,JNE3479-KR-XS,Casual Kurta,Stylish Kurta,2
J0038-DR-XS,J0025-DR-XS,Festival Dress,Evening Dress,2
J0041-SET-L,J0041-SET-M,Casual Set,Elegant Set,2
J0041-SET-L,J0230-SKD-L,Casual Set,Designer Set,2
J0041-SET-M,J0041-SET-L,Elegant Set,Casual Set,2
J0077-SKD-XXXL,J0236-SKD-XXXL,Designer Set,Designer Set,2
J0081-DR-L,J0158-DR-L,Cocktail Dress,Cocktail Dress,2
J0096-KR-XL,JNE3718-KR-XL,Cotton Kurta,Designer Kurta,2
J0097-KR-L,SET197-KR-NP-L,Designer Kurta,Casual Set,2
J0098-TP-L,J0196-TP-L,Designer Top,Casual Top,2
J0098-TP-L,J0344-TP-L,Designer Top,Summer Top,2
J0111-TP-XS,JNE3518-KR-M,Summer Top,Casual Kurta,2
J0113-TP-M,J0119-TP-M,Formal Top,Designer Top,2
J0117-TP-XL,JNE3655-TP-XXL,Casual Top,Designer Top,2
J0117-TP-XXL,J0119-TP-XXL,Designer Top,Formal Top,2
J0118-TP-M,J0301-TP-M,Summer Top,Casual Top,2
J0118-TP-XXL,J0301-TP-XXL,Casual Top,Summer Top,2
J0119-TP-L,J0119-TP-M,Formal Top,Designer Top,2
J0119-TP-M,J0113-TP-M,Designer Top,Formal Top,2
J0119-TP-M,J0119-TP-L,Designer Top,Formal Top,2
J0119-TP-XXL,J0117-TP-XXL,Formal Top,Designer Top,2
J0126-SKD-XXXL,J0236-SKD-XXXL,Casual Set,Designer Set,2
J0129-SET-S,J0002-SKD-XS,Designer Set,Formal Set,2
J0129-SET-S,SET204-KR-DPT-XS,Designer Set,Elegant Set,2
J0133-KR-XS,J0033-KR-XS,Designer Kurta,Casual Kurta,2
J0133-KR-XS,JNE3479-KR-XS,Designer Kurta,Stylish Kurta,2
J0135-SET-L,J0140-SET-XL,Formal Set,Designer Set,2
J0135-SET-L,JNE3697-KR-L,Formal Set,Cotton Kurta,2
J0139-KR-L,SET377-KR-NP-XL,Casual Kurta,Designer Set,2
J0139-KR-XXL,J0003-SET-XXL,Cotton Kurta,Designer Set,2
J0139-KR-XXXL,JNE3543-KR-XXXL,Casual Kurta,Casual Kurta,2
J0140-SET-XL,J0135-SET-L,Designer Set,Formal Set,2
J0150-KR-S,JNE3787-KR-S,Designer Kurta,Casual Kurta,2
J0150-KR-XXXL,SET288-KR-NP-XXXL,Cotton Kurta,Designer Set,2
J0152-DR-XXL,J0158-DR-XXL,Casual Dress,Cocktail Dress,2
J0153-DR-XS,JNE3648-TP-N-S,Summer Dress,Casual Top,2
J0153-DR-XS,JNE3662-TP-S,Summer Dress,Casual Top,2
J0154-DR-XS,J0154-DR-XXL,Casual Dress,Casual Dress,2
J0154-DR-XXL,J0154-DR-XS,Casual Dress,Casual Dress,2
J0157-DR-L,JNE3710-DR-L,Cocktail Dress,Casual Dress,2
J0157-DR-XXL,J0308-DR-XXL,Casual Dress,Casual Dress,2
J0158-DR-L,J0081-DR-L,Cocktail Dress,Cocktail Dress,2
J0158-DR-XXL,J0152-DR-XXL,Cocktail Dress,Casual Dress,2
J0159-DR-XXL,J0185-DR-XXL,Cocktail Dress,Designer Ethnic Dress,2
J0185-DR-XXL,J0159-DR-XXL,Designer Ethnic Dress,Cocktail Dress,2
J0196-TP-L,J0098-TP-L,Casual Top,Designer Top,2
J0197-TP-S,J0213-TP-S,Summer Top,Designer Top,2
J0197-TP-XXXL,J0213-TP-XXXL,Formal Top,Casual Top,2
J0199-SET-XXL,J0345-SET-XXL,Elegant Set,Casual Set,2
J0199-SET-XXL,J0346-SET-XXL,Elegant Set,Formal Set,2
J0201-TP-L,JNE3659-TP-N-L,Designer Top,Designer Top,2
J0207-DR-XXXL,J0025-DR-XXXL,Cocktail Dress,Cocktail Dress,2
J0213-TP-S,J0197-TP-S,Designer Top,Summer Top,2
J0213-TP-XXXL,J0197-TP-XXXL,Casual Top,Formal Top,2
J0219-BL-XL,J0220-BL-XL,Casual Blouse,Casual Blouse,2
J0220-BL-XL,J0219-BL-XL,Casual Blouse,Casual Blouse,2
J0226-SKD-XXL,SET324-KR-NP-XXL,Designer Set,Designer Set,2
J0230-SKD-L,J0041-SET-L,Designer Set,Casual Set,2
J0230-SKD-L,J0236-SKD-L,Designer Set,Casual Set,2
J0230-SKD-M,J0230-SKD-S,Elegant Set,Designer Set,2
J0230-SKD-S,J0008-SKD-S,Designer Set,Elegant Set,2
J0230-SKD-S,J0230-SKD-M,Designer Set,Elegant Set,2
J0230-SKD-XL,J0003-SET-XL,Casual Set,Designer Set,2
J0230-SKD-XL,SET278-KR-NP-XL,Casual Set,Formal Set,2
J0230-SKD-XS,JNE3618-KR-XS,Elegant Set,Casual Kurta,2
J0230-SKD-XS,SET304-KR-DPT-XS,Elegant Set,Elegant Set,2
J0230-SKD-XXL,JNE3739-KR-XXL,Designer Set,Stylish Kurta,2
J0231-SKD-M,J0012-SKD-M,Designer Set,Designer Set,2
J0234-SKD-XXXL,J0003-SET-XXXL,Designer Set,Formal Set,2
J0236-SKD-L,J0230-SKD-L,Casual Set,Designer Set,2
J0236-SKD-M,SET318-KR-SHA-M,Casual Set,Designer Set,2
J0236-SKD-M,SET322-KR-SHA-M,Casual Set,Casual Set,2
J0236-SKD-XXL,J0236-SKD-XXXL,Elegant Set,Designer Set,2
J0236-SKD-XXXL,J0012-SKD-XXXL,Designer Set,Elegant Set,2
J0236-SKD-XXXL,J0077-SKD-XXXL,Designer Set,Designer Set,2
J0236-SKD-XXXL,J0126-SKD-XXXL,Designer Set,Casual Set,2
J0236-SKD-XXXL,J0236-SKD-XXL,Designer Set,Elegant Set,2
J0244-SKD-L,J0244-SKD-M,Designer Set,Formal Set,2
J0244-SKD-M,J0244-SKD-L,Formal Set,Designer Set,2
J0278-SET-M,SET184-KR-PP-M,Casual Set,Formal Set,2
J0278-SET-XXL,SET268-KR-NP-XXL,Casual Set,Designer Set,2
J0280-SKD-S,SET348-KR-NP-S,Casual Set,Casual Set,2
J0281-SKD-XXL,J0285-SKD-XXL,Elegant Set,Casual Set,2
J0282-SET-XXXL,SET374-KR-NP-XXXL,Casual Set,Formal Set,2
J0285-SKD-M,J0379-SKD-M,Designer Set,Elegant Set,2
J0285-SKD-XS,SET182-KR-DH-XS,Casual Set,Elegant Set,2
J0285-SKD-XXL,J0281-SKD-XXL,Casual Set,Elegant Set,2
J0295-DR-M,J0335-DR-M,Summer Dress,Casual Dress,2
J0295-DR-M,J0343-DR-M,Summer Dress,Casual Dress,2
J0295-DR-M,JNE3710-DR-M,Summer Dress,Cocktail Dress,2
J0295-DR-XXXL,J0396-DR-XXXL,Evening Dress,Summer Dress,2
J0299-KR-S,JNE3530-KR-XS,Designer Kurta,Stylish Kurta,2
J0301-TP-M,J0118-TP-M,Casual Top,Summer Top,2
J0301-TP-XL,JNE3712-TP-N-XL,Summer Top,Summer Top,2
J0301-TP-XL,JNE3860-DR-XL,Summer Top,Cocktail Dress,2
J0301-TP-XXL,J0118-TP-XXL,Summer Top,Casual Top,2
J0301-TP-XXL,JNE3659-TP-N-XXL,Summer Top,Designer Top,2
J0306-DR-M,J0006-SET-M,Summer Dress,Festival Dress,2
J0306-DR-M,J0010-LCD-M,Summer Dress,Elegant Set,2
J0308-DR-M,MEN5002-KR-M,Evening Dress,Casual Kurta,2
J0308-DR-XXL,J0157-DR-XXL,Casual Dress,Casual Dress,2
J0308-DR-XXL,JNE3687-TU-XXL,Casual Dress,Casual Top,2
J0308-DR-XXXL,J0339-DR-XXXL,Cocktail Dress,Casual Dress,2
J0329-KR-XXL,J0331-KR-XXL,Cotton Kurta,Cotton Kurta,2
J0331-KR-L,J0331-KR-M,Designer Kurta,Casual Kurta,2
J0331-KR-M,J0331-KR-L,Casual Kurta,Designer Kurta,2
J0331-KR-XXL,J0329-KR-XXL,Cotton Kurta,Cotton Kurta,2
J0335-DR-L,J0335-DR-XL,Evening Dress,Summer Dress,2
J0335-DR-L,J0343-DR-M,Evening Dress,Casual Dress,2
J0335-DR-M,J0295-DR-M,Casual Dress,Summer Dress,2
J0335-DR-XL,J0335-DR-L,Summer Dress,Evening Dress,2
J0335-DR-XL,J0335-DR-XXL,Summer Dress,Evening Dress,2
J0335-DR-XXL,J0335-DR-XL,Evening Dress,Summer Dress,2
J0336-TP-XL,J0344-TP-XL,Designer Top,Formal Top,2
J0336-TP-XXL,J0344-TP-XXL,Designer Top,Formal Top,2
J0336-TP-XXXL,J0337-TP-XXXL,Summer Top,Formal Top,2
J0337-TP-L,J0344-TP-XL,Casual Top,Formal Top,2
J0337-TP-XXXL,J0336-TP-XXXL,Formal Top,Summer Top,2
J0337-TP-XXXL,J0344-TP-XXXL,Formal Top,Summer Top,2
J0338-DR-L,J0341-DR-M,Cocktail Dress,Cocktail Dress,2
J0338-DR-M,J0341-DR-M,Cocktail Dress,Cocktail Dress,2
J0338-DR-XXXL,J0339-DR-XXXL,Summer Dress,Casual Dress,2
J0339-DR-XL,J0341-DR-XL,Casual Dress,Summer Dress,2
J0339-DR-XXXL,J0308-DR-XXXL,Casual Dress,Cocktail Dress,2
J0339-DR-XXXL,J0338-DR-XXXL,Casual Dress,Summer Dress,2
J0341-DR-L,J0343-DR-M,Casual Dress,Casual Dress,2
J0341-DR-L,JNE3706-DR-L,Casual Dress,Summer Dress,2
J0341-DR-M,J0338-DR-L,Cocktail Dress,Cocktail Dress,2
J0341-DR-M,J0338-DR-M,Cocktail Dress,Cocktail Dress,2
J0341-DR-S,JNE3870-DR-S,Casual Dress,Casual Dress,2
J0341-DR-XL,J0339-DR-XL,Summer Dress,Casual Dress,2
J0341-DR-XS,J0343-DR-XS,Casual Dress,Casual Dress,2
J0341-DR-XS,JNE3861-DR-XS,Casual Dress,Cocktail Dress,2
J0343-DR-M,J0295-DR-M,Casual Dress,Summer Dress,2
J0343-DR-M,J0335-DR-L,Casual Dress,Evening Dress,2
J0343-DR-M,J0341-DR-L,Casual Dress,Casual Dress,2
J0343-DR-M,JNE3706-DR-L,Casual Dress,Summer Dress,2
J0343-DR-XS,J0341-DR-XS,Casual Dress,Casual Dress,2
J0343-DR-XS,SET349-KR-NP-XS,Casual Dress,Designer Set,2
J0344-TP-L,J0098-TP-L,Summer Top,Designer Top,2
J0344-TP-M,JNE3640-TP-N-M,Casual Top,Formal Top,2
J0344-TP-XL,J0336-TP-XL,Formal Top,Designer Top,2
J0344-TP-XL,J0337-TP-L,Formal Top,Casual Top,2
J0344-TP-XXL,J0336-TP-XXL,Formal Top,Designer Top,2
J0344-TP-XXL,J0344-TP-XXXL,Formal Top,Summer Top,2
J0344-TP-XXXL,J0337-TP-XXXL,Summer Top,Formal Top,2
J0344-TP-XXXL,J0344-TP-XXL,Summer Top,Formal Top,2
J0345-SET-XXL,J0199-SET-XXL,Casual Set,Elegant Set,2
J0345-SET-XXL,J0346-SET-XXL,Casual Set,Formal Set,2
J0345-SET-XXL,J0350-SET-XXL,Casual Set,Designer Set,2
J0345-SET-XXXL,J0346-SET-XXXL,Casual Set,Formal Set,2
J0346-SET-XXL,J0199-SET-XXL,Formal Set,Elegant Set,2
J0346-SET-XXL,J0345-SET-XXL,Formal Set,Casual Set,2
J0346-SET-XXXL,J0345-SET-XXXL,Formal Set,Casual Set,2
J0348-SET-L,BL107-M,Elegant Set,Silk Blouse,2
J0348-SET-XS,JNE3645-TP-N-XS,Casual Set,Formal Top,2
J0349-SET-XXXL,SET305-KR-DPT-XXXL,Formal Set,Designer Set,2
J0350-SET-XXL,J0345-SET-XXL,Designer Set,Casual Set,2
J0352-KR-XXL,JNE3783-KR-XXXL,Cotton Kurta,Stylish Kurta,2
J0353-KR-XL,J0354-KR-XL,Designer Kurta,Designer Kurta,2
J0354-KR-XL,J0353-KR-XL,Designer Kurta,Designer Kurta,2
J0355-KR-L,JNE3784-KR-L,Casual Kurta,Cotton Kurta,2
J0372-SKD-L,J0378-SKD-L,Elegant Set,Designer Set,2
J0373-KR-XXXL,JNE3800-KR-XXXL,Designer Kurta,Summer Dress,2
J0378-SKD-L,J0372-SKD-L,Designer Set,Elegant Set,2
J0379-SKD-M,J0285-SKD-M,Elegant Set,Designer Set,2
J0379-SKD-M,J0382-SKD-M,Elegant Set,Designer Set,2
J0382-SKD-M,J0379-SKD-M,Designer Set,Elegant Set,2
J0385-KR-XS,J0390-TP-S,Designer Kurta,Summer Top,2
J0388-TP-XL,J0389-TP-XL,Summer Top,Summer Top,2
J0388-TP-XL,J0390-TP-XL,Summer Top,Designer Top,2
J0388-TP-XL,J0391-TP-XL,Summer Top,Casual Top,2
J0389-TP-L,J0419-TP-L,Casual Top,Designer Top,2
J0389-TP-XL,J0388-TP-XL,Summer Top,Summer Top,2
J0389-TP-XL,J0390-TP-XL,Summer Top,Designer Top,2
J0389-TP-XL,J0391-TP-XL,Summer Top,Casual Top,2
J0390-TP-L,J0391-TP-L,Designer Top,Formal Top,2
J0390-TP-S,J0385-KR-XS,Summer Top,Designer Kurta,2
J0390-TP-XL,J0388-TP-XL,Designer Top,Summer Top,2
J0390-TP-XL,J0389-TP-XL,Designer Top,Summer Top,2
J0390-TP-XL,J0391-TP-XL,Designer Top,Casual Top,2
J0391-TP-L,J0390-TP-L,Formal Top,Designer Top,2
J0391-TP-XL,J0388-TP-XL,Casual Top,Summer Top,2
J0391-TP-XL,J0389-TP-XL,Casual Top,Summer Top,2
J0391-TP-XL,J0390-TP-XL,Casual Top,Designer Top,2
J0392-TP-XL,JNE3797-KR-XL,Summer Top,Casual Dress,2
J0396-DR-XXL,JNE3861-DR-XXL,Summer Dress,Summer Dress,2
J0396-DR-XXXL,J0295-DR-XXXL,Summer Dress,Evening Dress,2
J0396-DR-XXXL,JNE3710-DR-XXXL,Summer Dress,Cocktail Dress,2
J0418-TP-L,J0419-TP-L,Casual Top,Designer Top,2
J0419-TP-L,J0389-TP-L,Designer Top,Casual Top,2
J0419-TP-L,J0418-TP-L,Designer Top,Casual Top,2
JNE1233-BLUE-KR-031-L,JNE1906-KR-031-L,Stylish Kurta,Cotton Kurta,2
JNE1408-KR-UDF19-A-M,JNE3160-KR-M,Cotton Kurta,Casual Kurta,2
JNE1408-KR-UDF19-A-M,JNE3739-KR-L,Cotton Kurta,Cotton Kurta,2
JNE1408-KR-UDF19-A-M,SET268-KR-NP-L,Cotton Kurta,Elegant Set,2
JNE1525-KR-UDF19BLACK-M,JNE3487-KR-M,Casual Kurta,Casual Kurta,2
JNE1525-KR-UDF19BLACK-M,JNE3742-KR-M,Casual Kurta,Stylish Kurta,2
JNE1906-KR-031-L,JNE1233-BLUE-KR-031-L,Cotton Kurta,Stylish Kurta,2
JNE1977-KR-237-XXL,JNE3619-KR-XXL,Stylish Kurta,Stylish Kurta,2
JNE2014-KR-178-XL,JNE3739-KR-XL,Casual Kurta,Designer Kurta,2
JNE2032-KR-205-L,JNE3256-KR-L,Casual Kurta,Stylish Kurta,2
JNE2100-KR-144-M,JNE3270-KR-M,Cotton Kurta,Designer Kurta,2
JNE2100-KR-144-XL,JNE2170-KR-436-XL,Casual Kurta,Stylish Kurta,2
JNE2170-KR-436-XL,JNE2100-KR-144-XL,Stylish Kurta,Casual Kurta,2
JNE2266-KR-490-A-XS,JNE3431-KR-XS,Stylish Kurta,Casual Kurta,2
JNE2270-KR-487-A-M,JNE3311-KR-M,Stylish Kurta,Casual Kurta,2
JNE2291-KR-602-L,JNE3487-KR-L,Cotton Kurta,Cotton Kurta,2
JNE2291-KR-602-XXXL,JNE3364-KR-1051-A-XXXL,Stylish Kurta,Cotton Kurta,2
JNE3160-KR-M,JNE1408-KR-UDF19-A-M,Casual Kurta,Cotton Kurta,2
JNE3160-KR-M,JNE3739-KR-L,Casual Kurta,Cotton Kurta,2
JNE3160-KR-M,SET268-KR-NP-L,Casual Kurta,Elegant Set,2
JNE3256-KR-L,JNE2032-KR-205-L,Stylish Kurta,Casual Kurta,2
JNE3257-KR-XXL,JNE3617-KR-XXL,Cotton Kurta,Cotton Kurta,2
JNE3261-KR-M,JNE3487-KR-M,Cotton Kurta,Casual Kurta,2
JNE3270-KR-L,JNE3471-KR-L,Casual Kurta,Casual Kurta,2
JNE3270-KR-M,JNE2100-KR-144-M,Designer Kurta,Cotton Kurta,2
JNE3273-KR-XL,JNE3793-KR-XL,Cotton Kurta,Stylish Kurta,2
JNE3291-KR-XL,JNE3794-KR-XL,Stylish Kurta,Cotton Kurta,2
JNE3294-KR-XXL,JNE3405-KR-XXXL,Designer Kurta,Stylish Kurta,2
JNE3294-KR-XXXL,JNE3611-KR-XXXL,Designer Kurta,Stylish Kurta,2
JNE3311-KR-M,JNE2270-KR-487-A-M,Casual Kurta,Stylish Kurta,2
JNE3311-KR-S,SET279-LC-XS,Designer Kurta,Elegant Set,2
JNE3311-KR-XS,SET279-LC-XS,Cotton Kurta,Elegant Set,2
JNE3348-KR-L,JNE3465-KR-L,Cotton Kurta,Cotton Kurta,2
JNE3364-KR-1051-A-M,JNE3365-KR-1052-A-M,Stylish Kurta,Designer Kurta,2
JNE3364-KR-1051-A-XXXL,JNE2291-KR-602-XXXL,Cotton Kurta,Stylish Kurta,2
JNE3365-KR-1052-A-M,JNE3364-KR-1051-A-M,Designer Kurta,Stylish Kurta,2
JNE3368-KR-L,SET058-KR-NP-L,Cotton Kurta,Elegant Set,2
JNE3368-KR-L,SET324-KR-NP-L,Cotton Kurta,Designer Set,2
JNE3368-KR-XL,JNE3613-KR-XL,Stylish Kurta,Designer Kurta,2
JNE3368-KR-XS,SET172-KR-PP-B-M,Designer Kurta,Elegant Set,2
JNE3368-KR-XXXL,JNE3399-KR-XXXL,Designer Kurta,Designer Kurta,2
JNE3368-KR-XXXL,SET227-KR-PP-A-XL,Designer Kurta,Casual Set,2
JNE3369-KR-XXL,JNE3487-KR-XXL,Casual Kurta,Stylish Kurta,2
JNE3373-KR-S,SET273-KR-NP-S,Stylish Kurta,Elegant Set,2
JNE3373-KR-XL,JNE3797-KR-XL,Stylish Kurta,Casual Dress,2
JNE3373-KR-XXXL,JNE3465-KR-XXXL,Designer Kurta,Casual Kurta,2
JNE3376-KR-L,JNE3792-KR-L,Cotton Kurta,Stylish Kurta,2
JNE3376-KR-XXXL,JNE3425-KR-XXXL,Casual Kurta,Cotton Kurta,2
JNE3376-KR-XXXL,JNE3431-KR-XXXL,Casual Kurta,Casual Kurta,2
JNE3376-KR-XXXL,JNE3463-KR-XXXL,Casual Kurta,Designer Kurta,2
JNE3376-KR-XXXL,JNE3468-KR-XXXL,Casual Kurta,Designer Kurta,2
